"RutCliente","NúmProducto","Fecha"
"10240021-9","1","2011-02-28"
"10254802-8","1","2010-11-26"
"10522712-1","1","2011-06-06"
"10606931-7","1","2011-05-10"
"10915947-6","1","2010-08-26"
"10915947-6","1","2012-09-16"
"11702686-7","1","2011-08-17"
"11726357-3","1","2011-06-27"
"11781936-9","1","2012-03-21"
"11796245-6","1","2011-08-07"
"11893748-7","1","2011-08-22"
"12108050-4","1","2012-04-16"
"12108050-4","1","2012-09-26"
"12141655-1","1","2012-05-17"
"12557352-7","1","2010-07-16"
"12611884-7","1","2012-05-03"
"12621014-3","1","2012-06-24"
"12779727-2","1","2012-05-14"
"12977668-4","1","2010-08-27"
"13472983-4","1","2010-05-14"
"13472983-4","1","2011-02-27"
"13579572-3","1","2012-08-26"
"13615018-5","1","2010-04-26"
"13736347-9","1","2012-01-23"
"13758816-9","1","2011-10-09"
"13806504-0","1","2012-07-08"
"13867565-2","1","2012-08-29"
"13917978-3","1","2012-08-23"
"14123263-6","1","2012-08-09"
"14228135-6","1","2010-04-08"
"14253634-7","1","2011-11-09"
"14335613-8","1","2011-08-13"
"14425090-8","1","2010-07-18"
"14769498-0","1","2010-07-15"
"14966767-0","1","2011-03-22"
"14969971-1","1","2010-08-28"
"15037830-6","1","2010-12-19"
"15216115-k","1","2011-03-18"
"15370277-8","1","2010-11-19"
"15778657-5","1","2012-02-01"
"15905243-1","1","2011-11-15"
"15979046-4","1","2010-06-26"
"15980862-0","1","2010-06-22"
"16218569-2","1","2010-09-23"
"16218569-2","1","2012-02-22"
"16505716-0","1","2011-06-10"
"17008439-3","1","2012-01-30"
"17227791-4","1","2011-09-27"
"17230815-1","1","2010-12-29"
"17266587-6","1","2012-02-01"
"17442488-5","1","2010-10-02"
"17631731-6","1","2010-05-23"
"17817723-4","1","2012-09-11"
"17878980-0","1","2010-04-10"
"17888292-3","1","2011-07-27"
"18129935-1","1","2010-07-03"
"18299515-4","1","2012-02-17"
"18606698-6","1","2010-04-09"
"19055198-0","1","2010-09-23"
"19116057-2","1","2012-01-14"
"19259002-8","1","2012-09-30"
"19363861-8","1","2011-06-19"
"19486046-8","1","2011-02-19"
"19769634-2","1","2010-08-04"
"19859239-6","1","2012-01-21"
"19979491-4","1","2010-04-06"
"20110809-8","1","2010-10-30"
"20199967-9","1","2010-11-18"
"20211889-7","1","2011-03-16"
"20332018-5","1","2011-01-25"
"20337295-1","1","2011-11-29"
"20441380-9","1","2011-07-08"
"20513198-8","1","2011-06-01"
"20535525-0","1","2011-05-24"
"20819150-8","1","2010-10-15"
"8087060-3","1","2010-11-16"
"8943136-3","1","2011-08-27"
"9060547-7","1","2012-03-06"
"9105934-8","1","2011-03-25"
"9136245-5","1","2011-01-18"
"9150059-0","1","2011-07-04"
"9445879-6","1","2011-08-23"
"9613633-k","1","2010-08-09"
"9633237-k","1","2011-09-25"
"9829004-8","1","2011-07-21"
"9969055-k","1","2010-11-24"
"10013917-4","2","2011-02-12"
"10274120-1","2","2012-08-27"
"10425256-0","2","2011-05-01"
"10696260-1","2","2011-04-16"
"11007082-7","2","2010-05-21"
"11499588-0","2","2012-08-28"
"11636733-8","2","2012-05-17"
"11666789-9","2","2012-06-11"
"12213908-1","2","2012-04-26"
"12636133-9","2","2011-03-14"
"13080141-3","2","2010-08-07"
"13327869-1","2","2011-05-09"
"13451617-5","2","2011-04-25"
"13579572-3","2","2012-08-27"
"13595142-k","2","2010-11-01"
"13615018-5","2","2011-08-10"
"13715843-9","2","2012-08-15"
"13806504-0","2","2011-03-07"
"13806504-0","2","2011-04-13"
"13823508-k","2","2010-09-07"
"14016140-1","2","2012-05-16"
"14105296-k","2","2012-06-14"
"14123263-6","2","2011-05-17"
"14423549-4","2","2010-08-24"
"14427648-k","2","2012-07-08"
"14556123-k","2","2010-08-04"
"14599488-k","2","2010-05-12"
"14768676-8","2","2011-02-12"
"14916521-3","2","2012-08-04"
"14932061-0","2","2011-01-18"
"15111350-2","2","2012-02-21"
"15177835-k","2","2011-09-04"
"15181722-2","2","2012-03-07"
"15227805-2","2","2012-03-23"
"15227805-2","2","2012-04-26"
"15407187-1","2","2012-03-01"
"15485703-6","2","2012-08-13"
"15638885-2","2","2011-06-04"
"15652727-2","2","2010-12-04"
"15700784-3","2","2011-04-15"
"15738269-9","2","2012-03-02"
"15804106-8","2","2010-10-11"
"15980862-0","2","2011-12-12"
"16130198-2","2","2012-01-27"
"16167206-3","2","2011-08-04"
"16240288-k","2","2012-03-03"
"16267009-9","2","2011-04-12"
"16439783-k","2","2010-04-30"
"16710780-9","2","2010-12-15"
"17363606-8","2","2011-05-06"
"17511451-0","2","2011-06-13"
"17626467-5","2","2010-06-28"
"18516050-1","2","2011-12-22"
"18572600-8","2","2012-09-11"
"18636428-8","2","2010-06-11"
"19087032-k","2","2011-06-26"
"19216713-2","2","2010-06-22"
"19255050-9","2","2012-09-30"
"19278133-8","2","2011-10-23"
"19391599-3","2","2011-11-12"
"19483637-3","2","2010-07-07"
"19528301-0","2","2011-10-07"
"19552856-3","2","2011-03-25"
"19837396-5","2","2012-09-20"
"20045388-0","2","2012-08-02"
"20110809-8","2","2011-04-14"
"20762457-k","2","2010-11-13"
"20971238-k","2","2012-08-12"
"8065301-k","2","2012-05-07"
"8252253-7","2","2011-06-03"
"8369907-k","2","2011-11-21"
"8475507-3","2","2011-09-30"
"8620394-k","2","2012-06-12"
"8637460-6","2","2010-07-30"
"8649952-8","2","2012-08-16"
"9136245-5","2","2012-01-03"
"9201513-6","2","2011-10-03"
"9205611-4","2","2010-12-05"
"9255049-1","2","2010-04-15"
"9552104-1","2","2012-06-22"
"9691445-8","2","2012-04-07"
"10254708-9","3","2010-07-11"
"10254708-9","3","2012-01-25"
"10274120-1","3","2012-03-14"
"10348708-7","3","2011-03-09"
"10627199-5","3","2011-09-23"
"10667240-k","3","2010-08-17"
"10790424-1","3","2012-08-19"
"11061492-2","3","2011-02-13"
"11068671-k","3","2011-03-12"
"11135976-6","3","2011-10-17"
"11796245-6","3","2012-08-20"
"11966213-6","3","2011-02-23"
"12207875-4","3","2012-09-19"
"12297602-9","3","2011-03-16"
"12344953-1","3","2010-05-26"
"12867277-k","3","2011-04-23"
"13158500-6","3","2011-03-01"
"13253355-2","3","2011-05-17"
"13421144-k","3","2012-06-24"
"13495835-8","3","2012-07-23"
"13579572-3","3","2011-02-18"
"13675642-2","3","2010-05-03"
"13767966-8","3","2012-07-16"
"13823508-k","3","2012-06-18"
"13867565-2","3","2010-07-31"
"13943240-4","3","2012-02-13"
"14044949-2","3","2010-11-26"
"14218125-7","3","2011-04-16"
"14228135-6","3","2011-01-11"
"14298983-4","3","2012-08-26"
"14919705-6","3","2010-07-30"
"14932061-0","3","2010-12-30"
"14966767-0","3","2012-01-19"
"14969971-1","3","2011-07-16"
"15130000-9","3","2010-12-20"
"15738269-9","3","2011-12-27"
"15918301-2","3","2011-12-29"
"16494777-6","3","2012-08-15"
"16549557-k","3","2012-03-07"
"16891185-0","3","2012-04-24"
"17031562-k","3","2012-06-29"
"17210477-3","3","2012-06-18"
"17461603-k","3","2011-06-26"
"17708405-5","3","2011-04-25"
"18206492-4","3","2011-11-27"
"19055198-0","3","2010-10-31"
"19294495-9","3","2012-02-12"
"19575731-6","3","2011-09-30"
"19622993-8","3","2011-04-29"
"19622993-8","3","2012-09-10"
"19679629-1","3","2011-03-11"
"20050867-7","3","2012-06-05"
"20064244-5","3","2011-01-18"
"20113042-4","3","2010-04-25"
"20113042-4","3","2012-03-19"
"20158464-6","3","2010-08-05"
"20158464-6","3","2012-04-20"
"20319057-9","3","2011-09-03"
"20372200-2","3","2011-04-24"
"8147134-8","3","2011-07-25"
"8304051-8","3","2011-11-25"
"8571430-5","3","2011-03-24"
"8571430-5","3","2011-08-24"
"8620394-k","3","2011-09-18"
"8891180-4","3","2012-05-04"
"9150059-0","3","2010-10-28"
"9321178-5","3","2011-09-21"
"9444324-8","3","2012-04-12"
"9719816-2","3","2010-07-14"
"9791023-4","3","2011-12-20"
"9838255-4","3","2012-01-13"
"9914406-k","3","2011-09-10"
"9937779-0","3","2010-12-19"
"10274120-1","4","2012-05-14"
"10313918-0","4","2011-09-09"
"10342678-8","4","2010-12-12"
"10441269-7","4","2011-06-29"
"10459593-0","4","2012-05-09"
"10462208-2","4","2010-09-03"
"10550050-8","4","2012-06-01"
"10665484-7","4","2010-08-24"
"10928461-8","4","2010-12-18"
"11048683-5","4","2012-02-14"
"11336301-8","4","2011-04-01"
"12216436-8","4","2010-09-17"
"12224854-7","4","2011-01-01"
"12383272-4","4","2011-01-02"
"12773333-3","4","2012-09-25"
"13138149-8","4","2010-06-26"
"13527954-6","4","2011-10-16"
"13644034-0","4","2010-08-02"
"13715843-9","4","2010-11-04"
"14016140-1","4","2011-02-06"
"14300378-8","4","2012-09-18"
"14373370-8","4","2010-12-30"
"14401608-5","4","2011-12-16"
"14918424-8","4","2011-12-23"
"15395078-9","4","2012-06-14"
"15485703-6","4","2012-08-10"
"15652727-2","4","2010-08-10"
"15653202-7","4","2011-06-09"
"15777229-1","4","2011-02-08"
"15778657-5","4","2012-01-27"
"16334864-0","4","2010-06-02"
"16346514-9","4","2010-11-15"
"16569650-8","4","2010-10-02"
"16569650-8","4","2012-02-10"
"16653880-4","4","2011-03-20"
"16891185-0","4","2010-07-25"
"17461264-7","4","2010-06-02"
"17494047-6","4","2011-05-21"
"17585173-4","4","2012-07-06"
"17654326-2","4","2010-08-13"
"17814924-0","4","2012-05-05"
"17878980-0","4","2010-07-15"
"17978698-2","4","2012-07-30"
"17978708-k","4","2011-06-13"
"18247213-3","4","2010-08-01"
"18409648-9","4","2011-01-04"
"18630809-0","4","2010-12-02"
"18660825-4","4","2010-04-06"
"18809431-8","4","2012-04-27"
"19009863-0","4","2012-04-28"
"19033204-3","4","2011-02-17"
"19837396-5","4","2011-12-05"
"20780363-8","4","2011-09-21"
"20819150-8","4","2011-02-26"
"20849717-2","4","2012-02-14"
"8075594-k","4","2012-09-30"
"8147134-8","4","2012-03-19"
"8261464-7","4","2011-12-27"
"8304051-8","4","2010-10-09"
"8441542-7","4","2011-03-16"
"8712056-2","4","2012-03-18"
"8831228-0","4","2011-03-02"
"9044598-1","4","2012-07-02"
"9293347-5","4","2012-02-17"
"9321178-5","4","2010-07-14"
"9444324-8","4","2011-11-28"
"10036675-3","5","2012-02-09"
"10087763-k","5","2010-05-19"
"10297836-4","5","2011-05-30"
"10715773-7","5","2011-04-12"
"10945442-k","5","2012-01-11"
"10945442-k","5","2012-02-19"
"11211375-1","5","2012-03-14"
"11428132-4","5","2011-12-17"
"11522656-7","5","2012-06-12"
"11648952-8","5","2011-09-14"
"11702686-7","5","2012-06-28"
"12026162-1","5","2012-05-09"
"12026162-1","5","2012-08-20"
"12294463-4","5","2010-11-11"
"12700058-5","5","2012-02-08"
"12758246-0","5","2012-04-17"
"13559609-8","5","2011-08-26"
"13615018-5","5","2011-08-14"
"13810372-6","5","2011-07-15"
"14300378-8","5","2012-03-13"
"14335613-8","5","2012-03-26"
"14599165-7","5","2012-03-18"
"14917247-7","5","2012-06-14"
"14956748-9","5","2011-01-12"
"14969971-1","5","2011-03-07"
"15564211-2","5","2012-08-21"
"15638885-2","5","2012-05-02"
"16047416-1","5","2010-04-01"
"16167206-3","5","2012-03-01"
"16334864-0","5","2012-01-13"
"16494777-6","5","2010-07-05"
"16632628-2","5","2011-02-04"
"16710780-9","5","2010-05-12"
"16895570-k","5","2010-07-16"
"16915316-k","5","2010-11-12"
"17063081-1","5","2010-08-17"
"17155448-5","5","2010-12-13"
"17181473-0","5","2012-01-13"
"17227305-k","5","2012-05-19"
"17227791-4","5","2011-12-29"
"17464763-7","5","2012-06-25"
"17511451-0","5","2011-10-13"
"17785357-0","5","2012-01-09"
"17851180-7","5","2012-06-28"
"18552186-0","5","2012-07-09"
"18606698-6","5","2010-05-26"
"18661228-k","5","2012-02-19"
"18743719-5","5","2012-03-29"
"18753000-6","5","2010-05-24"
"18991769-1","5","2012-03-11"
"19156540-8","5","2010-07-25"
"19248773-0","5","2011-08-10"
"19334834-5","5","2012-04-08"
"19486455-7","5","2012-09-03"
"20187328-1","5","2010-12-25"
"20796416-9","5","2010-07-20"
"8111299-0","5","2012-06-14"
"8219361-0","5","2012-08-03"
"8234237-7","5","2012-07-24"
"8237412-6","5","2012-07-23"
"9054608-5","5","2012-08-31"
"9130385-5","5","2010-11-17"
"9257884-3","5","2011-06-30"
"9443932-4","5","2012-04-10"
"9633237-k","5","2011-07-24"
"9828461-8","5","2012-03-30"
"9901992-k","5","2010-09-27"
"9901992-k","5","2011-02-04"
"9962953-2","5","2011-12-26"
"9995143-6","5","2011-08-13"
"10522712-1","6","2011-02-03"
"10522712-1","6","2011-09-22"
"10550050-8","6","2012-03-31"
"10574225-1","6","2011-01-02"
"10754194-8","6","2012-01-03"
"10798961-2","6","2010-08-05"
"11203862-k","6","2010-06-03"
"11203862-k","6","2010-07-29"
"11454209-4","6","2010-07-22"
"11836950-7","6","2011-11-03"
"12108050-4","6","2010-06-26"
"12398878-3","6","2011-08-29"
"12419793-2","6","2012-02-11"
"12597738-3","6","2011-12-25"
"12828180-2","6","2012-03-31"
"13051844-8","6","2010-06-23"
"13093244-7","6","2010-04-01"
"13693803-5","6","2012-09-22"
"13697469-8","6","2010-04-11"
"13697469-8","6","2012-01-02"
"13917978-3","6","2011-11-26"
"14276815-2","6","2010-05-27"
"14387015-7","6","2010-12-28"
"14969971-1","6","2010-12-31"
"15177835-k","6","2011-06-07"
"15216115-k","6","2012-04-22"
"15620003-7","6","2011-03-05"
"15681363-5","6","2010-11-04"
"15717735-9","6","2011-08-06"
"16114768-4","6","2012-01-12"
"16167206-3","6","2011-03-08"
"16710780-9","6","2012-08-22"
"17303307-9","6","2010-04-25"
"17371250-5","6","2011-02-07"
"17660096-9","6","2012-05-28"
"17814924-0","6","2010-09-04"
"17901282-5","6","2012-09-30"
"18065628-4","6","2011-12-24"
"18129935-1","6","2012-09-03"
"18474437-5","6","2011-09-24"
"18660825-4","6","2011-07-17"
"18674335-1","6","2010-11-05"
"18753000-6","6","2011-01-21"
"19363861-8","6","2011-10-12"
"19486046-8","6","2010-07-17"
"19552856-3","6","2011-10-08"
"19984047-2","6","2011-02-02"
"20350018-6","6","2012-01-11"
"20361077-5","6","2012-04-28"
"20659036-2","6","2010-09-09"
"20670201-1","6","2011-08-31"
"20703144-9","6","2010-05-23"
"20714095-5","6","2012-04-11"
"8032534-9","6","2011-03-26"
"8128017-2","6","2010-10-01"
"8431864-6","6","2012-06-27"
"8685962-1","6","2012-03-17"
"8700222-4","6","2010-10-03"
"8700222-4","6","2011-05-16"
"9055945-1","6","2011-02-15"
"9152294-8","6","2011-07-12"
"9501589-0","6","2011-02-10"
"9682633-8","6","2010-04-03"
"10274120-1","7","2012-02-01"
"10313654-k","7","2012-04-25"
"10522712-1","7","2010-12-06"
"10605365-3","7","2011-09-11"
"10738513-2","7","2012-07-19"
"10766762-5","7","2010-05-14"
"10811644-4","7","2010-07-24"
"11123018-7","7","2011-06-25"
"11178250-k","7","2012-05-24"
"11227028-5","7","2010-07-03"
"11665981-8","7","2011-10-06"
"11756496-7","7","2010-11-10"
"11943813-5","7","2011-11-16"
"11947826-6","7","2010-10-03"
"11966213-6","7","2010-06-28"
"12156610-1","7","2011-12-20"
"12193723-9","7","2012-04-16"
"12419793-2","7","2011-10-23"
"12467789-6","7","2011-02-06"
"12535695-6","7","2011-09-10"
"12690699-2","7","2010-08-20"
"12700058-5","7","2011-01-06"
"12964476-k","7","2012-01-12"
"13541770-5","7","2010-11-24"
"13917978-3","7","2012-09-11"
"14016140-1","7","2010-12-17"
"14105296-k","7","2011-07-16"
"14298983-4","7","2010-11-06"
"14864252-0","7","2010-06-10"
"14969971-1","7","2012-01-20"
"15009284-4","7","2011-12-29"
"15122887-5","7","2011-02-19"
"15738269-9","7","2011-11-18"
"15775046-3","7","2012-02-27"
"15863818-8","7","2012-02-01"
"15866308-9","7","2010-10-26"
"15926953-4","7","2011-05-02"
"16036699-4","7","2010-04-02"
"16629894-8","7","2010-10-28"
"16728871-1","7","2012-01-18"
"16733473-6","7","2010-09-07"
"16873584-0","7","2012-06-26"
"16915316-k","7","2011-04-01"
"16944184-0","7","2011-06-10"
"17031562-k","7","2011-11-03"
"17219279-2","7","2011-11-11"
"17372403-3","7","2010-12-14"
"17372403-3","7","2011-10-17"
"17490348-7","7","2010-07-30"
"17534634-6","7","2010-10-31"
"17771891-0","7","2012-05-31"
"18077104-3","7","2011-07-23"
"18201436-4","7","2012-06-01"
"18630809-0","7","2012-06-14"
"18636428-8","7","2010-10-14"
"18636428-8","7","2012-01-13"
"18636657-k","7","2011-11-22"
"18963368-k","7","2010-04-22"
"19528301-0","7","2011-03-18"
"19934401-3","7","2011-07-15"
"20139439-8","7","2012-09-23"
"20424724-2","7","2011-07-05"
"20708637-2","7","2012-06-09"
"20796416-9","7","2011-06-10"
"20819150-8","7","2012-09-26"
"20888178-k","7","2012-07-29"
"20905067-k","7","2011-11-24"
"8092094-4","7","2012-04-16"
"8184682-0","7","2011-10-27"
"8705278-3","7","2011-11-07"
"8740225-6","7","2012-07-21"
"8764599-3","7","2011-12-29"
"8882572-6","7","2010-04-22"
"9055945-1","7","2010-08-18"
"9085331-7","7","2012-09-27"
"9199929-7","7","2011-12-04"
"9286538-3","7","2012-03-16"
"9965544-2","7","2011-11-27"
"10013917-4","8","2010-04-05"
"10064831-2","8","2011-08-19"
"10175302-0","8","2010-06-29"
"10175302-0","8","2011-10-04"
"10240021-9","8","2011-08-01"
"10342678-8","8","2012-04-10"
"10348169-5","8","2010-11-08"
"10348708-7","8","2011-05-08"
"10542388-9","8","2012-09-11"
"10693941-0","8","2011-09-02"
"10715773-7","8","2011-06-23"
"10774675-3","8","2012-05-30"
"10789677-6","8","2010-04-20"
"10928461-8","8","2010-08-15"
"11336301-8","8","2011-03-07"
"11655553-0","8","2011-08-09"
"11655553-0","8","2011-10-04"
"11666789-9","8","2011-01-14"
"11894783-5","8","2011-12-23"
"12141655-1","8","2010-07-06"
"12156610-1","8","2012-02-22"
"12597738-3","8","2011-05-26"
"12690699-2","8","2011-04-20"
"12758246-0","8","2010-10-10"
"12765419-1","8","2011-04-04"
"13615018-5","8","2012-01-28"
"14218125-7","8","2012-08-30"
"14412228-k","8","2012-06-14"
"14427648-k","8","2011-11-03"
"14439096-2","8","2010-10-04"
"14487518-3","8","2010-12-31"
"14701618-1","8","2011-02-24"
"14916521-3","8","2012-06-26"
"15395078-9","8","2012-05-12"
"15485703-6","8","2012-05-06"
"15609542-8","8","2010-09-04"
"15633204-k","8","2012-03-11"
"16036699-4","8","2012-08-14"
"16439783-k","8","2011-08-25"
"16895570-k","8","2010-11-08"
"17008439-3","8","2010-12-21"
"17092438-2","8","2010-05-14"
"17363606-8","8","2010-09-12"
"17631731-6","8","2012-07-13"
"17785357-0","8","2011-02-07"
"17933811-5","8","2011-08-16"
"18169938-0","8","2012-07-12"
"18206492-4","8","2011-11-12"
"18474437-5","8","2010-05-18"
"18626693-2","8","2011-01-20"
"18661228-k","8","2011-09-26"
"18809431-8","8","2010-04-22"
"18963549-0","8","2012-05-20"
"19193124-4","8","2012-01-24"
"19467963-8","8","2011-07-08"
"19473500-2","8","2010-09-21"
"19552856-3","8","2010-08-31"
"19603331-0","8","2011-02-17"
"19837396-5","8","2010-05-13"
"19954170-0","8","2011-08-03"
"19971970-1","8","2012-05-19"
"20287021-8","8","2011-08-24"
"20319057-9","8","2011-02-06"
"20411326-6","8","2012-05-16"
"20549985-9","8","2011-09-15"
"20667927-9","8","2011-03-18"
"20761160-4","8","2012-09-28"
"20762457-k","8","2011-09-17"
"8087060-3","8","2010-05-06"
"8475507-3","8","2012-01-29"
"8681925-k","8","2011-06-11"
"8740225-6","8","2012-02-22"
"9044598-1","8","2012-01-17"
"9085926-7","8","2010-11-12"
"9199929-7","8","2011-12-09"
"9216496-2","8","2011-02-05"
"9497827-6","8","2011-03-22"
"9682633-8","8","2010-10-16"
"9751365-6","8","2011-10-09"
"10441269-7","9","2010-07-06"
"10441269-7","9","2011-02-08"
"10581922-6","9","2011-10-04"
"10915947-6","9","2010-11-08"
"12398878-3","9","2012-02-16"
"12604212-5","9","2010-09-11"
"12764959-0","9","2011-08-22"
"12964476-k","9","2011-04-18"
"13072955-2","9","2011-11-23"
"13114612-9","9","2012-02-06"
"13251363-0","9","2011-11-28"
"13287652-4","9","2011-10-31"
"13541770-5","9","2010-11-03"
"13603059-3","9","2012-09-16"
"13644034-0","9","2012-04-20"
"13940979-6","9","2010-12-20"
"14123263-6","9","2010-08-14"
"14427648-k","9","2011-01-02"
"14487518-3","9","2010-08-21"
"14609900-6","9","2010-06-07"
"14616063-6","9","2010-04-28"
"14749199-3","9","2011-06-25"
"15411573-1","9","2012-06-25"
"15605839-1","9","2011-05-18"
"15979046-4","9","2012-03-27"
"16036699-4","9","2011-10-13"
"16302450-4","9","2010-09-19"
"16494777-6","9","2011-01-11"
"16843845-5","9","2010-07-09"
"17210477-3","9","2011-01-06"
"17266587-6","9","2010-09-23"
"17534634-6","9","2011-09-29"
"17777198-7","9","2010-10-11"
"17800863-3","9","2012-05-17"
"18131389-7","9","2010-05-18"
"18331164-0","9","2010-10-14"
"18374033-5","9","2010-05-21"
"18407045-3","9","2010-10-06"
"18606698-6","9","2011-03-25"
"18674335-1","9","2011-04-04"
"18864795-0","9","2011-12-05"
"19255050-9","9","2010-09-05"
"19552856-3","9","2010-11-09"
"19554510-1","9","2012-02-17"
"19603331-0","9","2010-09-28"
"20017419-6","9","2011-11-14"
"20139439-8","9","2011-06-12"
"20139439-8","9","2011-08-04"
"20294955-1","9","2012-05-27"
"20305893-5","9","2010-07-21"
"20319057-9","9","2010-11-19"
"20414207-0","9","2010-10-29"
"20650469-3","9","2011-07-09"
"8114563-0","9","2011-07-16"
"8261464-7","9","2011-05-18"
"8560937-4","9","2011-09-06"
"8578662-0","9","2010-11-01"
"8620047-9","9","2011-04-02"
"8700222-4","9","2011-09-24"
"8700222-4","9","2012-04-01"
"8703104-5","9","2012-03-30"
"8986755-6","9","2010-12-13"
"9955773-7","9","2011-12-23"
"10175302-0","10","2011-04-03"
"10342678-8","10","2010-07-17"
"10409105-6","10","2010-04-13"
"10550050-8","10","2012-07-24"
"10913321-4","10","2010-06-17"
"11068671-k","10","2011-07-23"
"11148305-4","10","2012-08-12"
"11352923-2","10","2011-10-21"
"11682461-5","10","2011-02-17"
"11813185-2","10","2011-06-17"
"12213908-1","10","2012-09-08"
"12611884-7","10","2010-04-05"
"12877558-6","10","2012-04-23"
"12977668-4","10","2011-10-24"
"13177183-6","10","2011-07-08"
"13327869-1","10","2012-05-24"
"13472983-4","10","2011-04-28"
"13527954-6","10","2011-08-01"
"13945714-8","10","2011-08-29"
"14247247-4","10","2012-01-06"
"14257574-0","10","2010-10-08"
"14257574-0","10","2012-05-01"
"14332941-7","10","2012-09-13"
"14524782-6","10","2011-09-09"
"14691783-5","10","2011-09-08"
"14701618-1","10","2011-06-24"
"14774360-1","10","2010-11-30"
"14916521-3","10","2011-05-13"
"15370277-8","10","2010-12-12"
"15395078-9","10","2011-12-03"
"15469103-3","10","2011-03-06"
"15668385-1","10","2012-03-19"
"15682738-4","10","2011-03-12"
"15730407-4","10","2011-12-09"
"15736925-1","10","2012-06-22"
"15787804-8","10","2012-07-23"
"15863818-8","10","2011-02-10"
"16047416-1","10","2010-10-14"
"16155973-3","10","2010-04-08"
"16315245-4","10","2011-06-24"
"16636715-1","10","2012-05-13"
"16733473-6","10","2011-08-21"
"16733473-6","10","2012-10-01"
"16873584-0","10","2011-11-22"
"17442488-5","10","2012-07-20"
"17494047-6","10","2011-01-19"
"17626467-5","10","2012-10-01"
"17777198-7","10","2010-09-26"
"17960078-1","10","2012-03-25"
"18218939-9","10","2012-02-01"
"18437929-9","10","2011-12-12"
"18450769-6","10","2010-09-10"
"18552186-0","10","2012-02-22"
"18586096-0","10","2012-03-09"
"18743719-5","10","2010-07-25"
"18866491-0","10","2012-05-26"
"18882428-8","10","2011-11-27"
"19026961-3","10","2010-09-19"
"19248773-0","10","2011-07-12"
"19973449-7","10","2011-05-20"
"20110809-8","10","2012-01-29"
"20305893-5","10","2011-06-06"
"20780363-8","10","2011-10-16"
"20796416-9","10","2010-08-07"
"20892590-3","10","2011-06-17"
"20949049-6","10","2010-04-15"
"8073761-2","10","2012-03-10"
"8092094-4","10","2010-07-05"
"8114563-0","10","2011-04-19"
"8219361-0","10","2010-06-23"
"8389163-2","10","2012-02-07"
"8408693-9","10","2011-11-10"
"8740225-6","10","2012-05-27"
"8799113-0","10","2012-03-19"
"8882572-6","10","2011-07-09"
"9150059-0","10","2012-05-12"
"9261119-6","10","2011-09-06"
"9984013-9","10","2011-04-20"
"9997220-5","10","2012-06-23"
"10013917-4","11","2010-12-22"
"10274120-1","11","2012-04-02"
"10297836-4","11","2012-08-26"
"10542388-9","11","2010-08-18"
"10620918-k","11","2011-05-17"
"10627199-5","11","2011-05-04"
"10627199-5","11","2011-10-30"
"10767560-9","11","2010-11-03"
"10767560-9","11","2011-03-07"
"10767560-9","11","2012-01-10"
"10798961-2","11","2010-05-11"
"10908890-4","11","2011-06-18"
"11048683-5","11","2011-07-27"
"11726357-3","11","2010-09-05"
"11751504-6","11","2010-11-08"
"11756496-7","11","2010-08-25"
"11907362-2","11","2011-10-28"
"12156610-1","11","2011-07-26"
"12535695-6","11","2011-08-18"
"12635560-3","11","2010-04-06"
"12758246-0","11","2010-05-12"
"12764959-0","11","2011-12-04"
"12934558-4","11","2012-07-10"
"12977668-4","11","2012-05-10"
"13051844-8","11","2012-01-01"
"13495835-8","11","2010-12-03"
"13823508-k","11","2012-04-01"
"14218125-7","11","2012-07-04"
"14427648-k","11","2011-09-18"
"14787470-2","11","2012-05-01"
"15113701-4","11","2012-07-01"
"15717735-9","11","2010-05-25"
"15738269-9","11","2012-04-14"
"16846507-0","11","2010-12-08"
"17155448-5","11","2011-10-27"
"17168684-9","11","2012-07-07"
"17494047-6","11","2010-05-05"
"17711142-1","11","2011-11-03"
"17738566-5","11","2011-07-22"
"17978708-k","11","2010-11-06"
"18129935-1","11","2010-12-17"
"18247213-3","11","2011-10-02"
"18586096-0","11","2011-09-13"
"18924857-0","11","2012-01-14"
"19417697-k","11","2011-06-17"
"19443525-3","11","2012-09-13"
"20058796-1","11","2012-07-16"
"20139439-8","11","2012-09-22"
"20199876-5","11","2012-01-21"
"20288978-k","11","2010-11-03"
"20518780-8","11","2012-06-20"
"20659036-2","11","2012-03-02"
"20819150-8","11","2010-08-05"
"8073761-2","11","2012-01-02"
"8705278-3","11","2010-08-23"
"8705278-3","11","2012-06-25"
"8882572-6","11","2011-06-18"
"8943136-3","11","2011-02-27"
"9044598-1","11","2012-08-03"
"9054608-5","11","2011-07-02"
"9445879-6","11","2012-05-28"
"9507902-2","11","2011-06-15"
"9507902-2","11","2011-09-21"
"9528123-5","11","2010-05-17"
"9613633-k","11","2011-07-26"
"9613633-k","11","2012-06-27"
"10428168-8","12","2012-06-20"
"10606931-7","12","2010-06-20"
"11648952-8","12","2012-07-02"
"11700326-1","12","2011-06-04"
"11891446-1","12","2010-08-25"
"11893748-7","12","2012-09-30"
"11943813-5","12","2011-08-22"
"12086364-5","12","2011-05-19"
"12430837-2","12","2010-09-29"
"12557352-7","12","2011-05-13"
"12764959-0","12","2011-04-26"
"12877558-6","12","2010-10-19"
"12977668-4","12","2011-10-29"
"12995226-7","12","2010-11-02"
"13310724-9","12","2011-02-28"
"13543687-5","12","2011-01-02"
"13595142-k","12","2011-04-30"
"13615018-5","12","2012-09-16"
"13765219-4","12","2011-12-28"
"14044715-3","12","2011-06-20"
"14123263-6","12","2012-09-22"
"14725048-7","12","2012-02-17"
"14774360-1","12","2012-01-02"
"15018324-3","12","2011-06-30"
"15135343-0","12","2010-05-21"
"15389778-6","12","2011-03-19"
"15485703-6","12","2012-01-14"
"15777229-1","12","2012-05-06"
"15787804-8","12","2011-10-30"
"16155973-3","12","2010-10-20"
"16765888-6","12","2010-12-23"
"16765888-6","12","2011-12-07"
"16823495-5","12","2011-04-01"
"16873584-0","12","2011-12-02"
"17109965-3","12","2011-07-06"
"17122728-2","12","2010-07-25"
"17168684-9","12","2011-09-13"
"17711142-1","12","2010-12-10"
"18077104-3","12","2011-03-20"
"18114559-0","12","2010-12-19"
"18217122-7","12","2012-01-19"
"18299515-4","12","2011-07-26"
"18374033-5","12","2010-12-09"
"18600532-8","12","2011-03-14"
"18622587-k","12","2010-10-17"
"19294495-9","12","2012-08-08"
"19417697-k","12","2011-07-30"
"19473500-2","12","2011-12-06"
"19486046-8","12","2012-07-24"
"19486455-7","12","2010-06-14"
"19769634-2","12","2011-07-16"
"19924071-3","12","2010-05-16"
"20017419-6","12","2011-04-28"
"20064244-5","12","2010-12-09"
"20163212-7","12","2011-03-31"
"20199967-9","12","2011-11-29"
"20309713-3","12","2011-07-05"
"20338419-1","12","2011-10-30"
"20414207-0","12","2010-11-15"
"20573095-8","12","2012-05-28"
"20659036-2","12","2010-08-24"
"20670201-1","12","2012-05-23"
"20873789-0","12","2012-01-26"
"8147134-8","12","2010-08-29"
"8441542-7","12","2012-08-08"
"8571430-5","12","2010-12-17"
"8733050-1","12","2012-03-31"
"8927431-k","12","2010-04-09"
"9092073-3","12","2010-05-02"
"9791023-4","12","2011-04-26"
"10125184-2","13","2012-06-26"
"10175302-0","13","2010-10-18"
"10254708-9","13","2010-12-31"
"10670426-k","13","2011-10-18"
"10888624-8","13","2012-01-30"
"10928461-8","13","2012-09-20"
"10945442-k","13","2010-06-10"
"11662701-5","13","2010-07-16"
"11681144-4","13","2011-06-11"
"11713289-4","13","2012-04-02"
"11989062-8","13","2011-03-30"
"12419793-2","13","2011-01-14"
"12535695-6","13","2011-02-16"
"12827230-4","13","2010-08-29"
"12885989-2","13","2010-11-12"
"13114612-9","13","2012-08-24"
"13495835-8","13","2012-08-11"
"13552992-3","13","2011-08-13"
"13781120-9","13","2010-12-21"
"13810372-6","13","2011-01-19"
"14027767-0","13","2012-03-04"
"14044715-3","13","2011-03-13"
"14218125-7","13","2012-02-11"
"14341626-9","13","2011-05-01"
"14387015-7","13","2012-08-04"
"14558175-k","13","2011-02-19"
"15775046-3","13","2011-05-05"
"15863818-8","13","2011-06-26"
"15981330-2","13","2012-01-26"
"16334864-0","13","2010-07-15"
"16439419-7","13","2011-01-13"
"16564057-9","13","2011-06-20"
"16569650-8","13","2010-10-28"
"16931957-k","13","2010-08-01"
"16931957-k","13","2011-11-21"
"17266587-6","13","2010-08-08"
"17399902-5","13","2012-07-07"
"17933811-5","13","2012-03-22"
"18098095-1","13","2012-05-24"
"18129935-1","13","2012-05-23"
"18131389-7","13","2010-07-30"
"18324513-2","13","2010-04-04"
"18407045-3","13","2012-04-18"
"18450769-6","13","2010-08-17"
"18474437-5","13","2011-06-17"
"18595277-3","13","2010-05-26"
"18595277-3","13","2010-06-15"
"18595277-3","13","2011-08-24"
"18630809-0","13","2010-12-22"
"19156540-8","13","2012-02-23"
"19184600-0","13","2010-08-31"
"19335110-1","13","2011-09-11"
"19554510-1","13","2012-01-02"
"19670263-2","13","2012-05-24"
"20038299-k","13","2012-03-18"
"20129193-1","13","2012-03-29"
"20143980-9","13","2010-12-07"
"20158464-6","13","2011-04-02"
"20226010-9","13","2011-06-09"
"20294955-1","13","2011-11-20"
"20372200-2","13","2010-11-11"
"20623137-9","13","2012-09-25"
"20780363-8","13","2011-02-17"
"8097853-5","13","2011-01-02"
"8252471-4","13","2011-06-27"
"8886808-6","13","2011-10-04"
"8986755-6","13","2010-04-01"
"9094474-3","13","2011-04-14"
"9105934-8","13","2012-06-06"
"9480303-3","13","2011-11-08"
"9613633-k","13","2012-05-27"
"9691445-8","13","2012-05-03"
"9907200-1","13","2012-02-17"
"9954610-4","13","2012-08-20"
"10019146-1","14","2012-07-17"
"10542388-9","14","2012-02-11"
"10670426-k","14","2011-10-12"
"10745716-0","14","2011-05-09"
"10928461-8","14","2010-09-14"
"10992083-4","14","2010-06-04"
"11386599-3","14","2012-03-19"
"11474037-4","14","2011-07-27"
"11947826-6","14","2010-10-24"
"12777311-7","14","2011-10-24"
"12779727-2","14","2012-08-18"
"13080141-3","14","2010-12-01"
"13767966-8","14","2011-04-08"
"14105296-k","14","2011-12-03"
"14332169-k","14","2011-03-08"
"14412228-k","14","2012-06-01"
"14427648-k","14","2010-12-20"
"14609900-6","14","2011-12-05"
"14724071-3","14","2011-02-12"
"14724071-3","14","2012-09-25"
"14749709-9","14","2011-07-01"
"15469103-3","14","2012-02-20"
"15564211-2","14","2011-07-18"
"15700784-3","14","2011-09-29"
"15730407-4","14","2012-09-11"
"15736925-1","14","2011-11-30"
"16114768-4","14","2010-08-02"
"16218569-2","14","2012-01-02"
"16302450-4","14","2010-09-06"
"16439419-7","14","2010-07-13"
"16873584-0","14","2011-01-20"
"17155448-5","14","2012-06-18"
"17406105-5","14","2010-07-28"
"17464763-7","14","2011-09-27"
"17548863-0","14","2010-08-22"
"17661672-0","14","2012-09-23"
"17771891-0","14","2011-07-15"
"18631120-9","14","2011-05-08"
"18783342-5","14","2012-02-15"
"18940276-3","14","2010-10-31"
"19046212-3","14","2011-02-02"
"19467057-0","14","2012-08-09"
"19528301-0","14","2011-10-06"
"19769634-2","14","2010-09-14"
"19837396-5","14","2010-12-09"
"20113042-4","14","2010-11-15"
"20657101-6","14","2011-11-04"
"20703144-9","14","2011-09-08"
"8184407-6","14","2011-04-23"
"8184407-6","14","2011-12-20"
"8261464-7","14","2011-02-06"
"8304051-8","14","2010-05-22"
"8681925-k","14","2012-08-01"
"8802201-0","14","2011-12-11"
"9044598-1","14","2012-02-23"
"9063641-3","14","2012-01-30"
"9094474-3","14","2010-05-17"
"9480303-3","14","2012-08-25"
"9564504-k","14","2010-11-30"
"9907200-1","14","2010-06-14"
"9937779-0","14","2011-09-14"
"9969055-k","14","2012-07-20"
"10006458-2","15","2012-05-02"
"10036675-3","15","2010-08-21"
"10125184-2","15","2010-10-28"
"10348708-7","15","2011-02-24"
"10605365-3","15","2010-12-17"
"10947857-0","15","2010-10-30"
"10999391-6","15","2010-10-12"
"11011210-1","15","2010-05-07"
"11048683-5","15","2011-07-27"
"11123018-7","15","2012-06-07"
"11352923-2","15","2012-03-04"
"11428132-4","15","2010-05-12"
"11428132-4","15","2012-08-17"
"11636733-8","15","2012-07-15"
"11713289-4","15","2011-02-15"
"11830357-4","15","2012-04-02"
"11902049-k","15","2011-12-18"
"12635560-3","15","2011-12-08"
"12777311-7","15","2010-06-25"
"13287652-4","15","2010-12-02"
"13310724-9","15","2011-01-24"
"13447771-7","15","2011-08-11"
"13447771-7","15","2011-12-30"
"13798388-0","15","2010-07-11"
"13823508-k","15","2011-04-17"
"13867565-2","15","2011-08-04"
"14332941-7","15","2011-05-08"
"14427648-k","15","2011-08-31"
"14774360-1","15","2012-06-02"
"14918424-8","15","2010-10-11"
"14932061-0","15","2010-11-20"
"15247554-3","15","2012-05-10"
"15601732-1","15","2011-06-25"
"15682738-4","15","2012-03-17"
"15738269-9","15","2010-05-23"
"15796743-5","15","2012-01-27"
"15918301-2","15","2010-06-04"
"15963325-4","15","2011-07-27"
"16114768-4","15","2011-02-07"
"16218569-2","15","2012-02-07"
"16240288-k","15","2012-07-01"
"16274390-4","15","2012-07-26"
"16346514-9","15","2012-09-09"
"16636715-1","15","2011-09-09"
"17008439-3","15","2011-07-26"
"17040350-6","15","2011-09-20"
"17094062-3","15","2012-08-15"
"17210477-3","15","2010-09-18"
"17227305-k","15","2011-10-12"
"17301659-7","15","2010-06-04"
"17338532-9","15","2012-07-18"
"17352948-1","15","2012-05-13"
"17494047-6","15","2010-05-30"
"17741706-1","15","2011-06-20"
"17800863-3","15","2011-11-25"
"18119019-k","15","2010-06-10"
"18216760-0","15","2011-03-05"
"18217122-7","15","2011-08-16"
"18217122-7","15","2012-02-13"
"18247213-3","15","2010-11-20"
"18288907-0","15","2012-06-22"
"18450769-6","15","2011-10-05"
"18586096-0","15","2011-06-03"
"18648095-5","15","2010-09-25"
"18660333-3","15","2011-09-13"
"18992562-0","15","2011-10-17"
"19026717-9","15","2011-11-29"
"19174079-1","15","2012-09-17"
"19255050-9","15","2012-05-05"
"19259002-8","15","2012-07-03"
"19355543-6","15","2012-01-15"
"19473444-k","15","2010-07-06"
"19837396-5","15","2011-02-27"
"20038299-k","15","2012-03-09"
"20518780-8","15","2011-06-01"
"20728319-9","15","2010-04-27"
"20849717-2","15","2010-07-08"
"20905067-k","15","2012-04-23"
"20956755-4","15","2012-04-24"
"8389163-2","15","2012-09-02"
"8431864-6","15","2010-10-19"
"8673706-8","15","2012-06-26"
"8733050-1","15","2012-04-21"
"8986755-6","15","2011-08-01"
"9130385-5","15","2011-08-28"
"9497827-6","15","2011-03-30"
"9596812-6","15","2010-10-30"
"9613633-k","15","2010-11-18"
"9854001-4","15","2012-06-27"
"9997220-5","15","2010-08-15"
"10175302-0","16","2012-08-19"
"10240021-9","16","2011-01-02"
"10313918-0","16","2011-11-17"
"10348169-5","16","2010-11-04"
"10581922-6","16","2012-03-18"
"10631083-4","16","2012-07-24"
"10908890-4","16","2012-03-05"
"11178250-k","16","2010-04-04"
"11227028-5","16","2012-05-30"
"11636733-8","16","2011-11-15"
"11666789-9","16","2011-01-18"
"11666789-9","16","2012-03-02"
"11681144-4","16","2010-12-13"
"11937881-7","16","2012-05-07"
"12399948-4","16","2011-12-03"
"12636133-9","16","2010-05-18"
"12779727-2","16","2012-04-18"
"13138149-8","16","2012-01-17"
"13176940-k","16","2011-06-09"
"13253355-2","16","2012-07-16"
"13527954-6","16","2010-07-23"
"13644034-0","16","2011-09-25"
"13758816-9","16","2010-11-15"
"13767966-8","16","2011-01-05"
"14033225-8","16","2011-03-16"
"14332169-k","16","2010-11-13"
"14387015-7","16","2010-06-06"
"14599165-7","16","2012-06-11"
"14787470-2","16","2012-03-02"
"15164542-7","16","2010-06-03"
"15395078-9","16","2011-05-08"
"15564211-2","16","2010-07-21"
"15653202-7","16","2010-07-31"
"15668385-1","16","2010-09-10"
"15926953-4","16","2011-09-29"
"16130198-2","16","2010-04-13"
"16130198-2","16","2012-01-21"
"16435884-7","16","2012-08-30"
"16505716-0","16","2011-04-08"
"17122728-2","16","2011-03-31"
"17352948-1","16","2011-03-11"
"17461264-7","16","2011-06-24"
"17741706-1","16","2010-06-17"
"17800863-3","16","2012-03-09"
"18206492-4","16","2010-10-10"
"18237524-1","16","2012-07-10"
"18407045-3","16","2010-05-27"
"18626693-2","16","2010-05-27"
"18630809-0","16","2012-06-20"
"18940276-3","16","2012-06-17"
"18948863-4","16","2011-08-22"
"19087032-k","16","2010-09-15"
"19252941-5","16","2012-02-19"
"19315065-7","16","2011-05-26"
"19363861-8","16","2012-04-11"
"19486455-7","16","2012-06-13"
"19954170-0","16","2010-05-07"
"20113042-4","16","2011-12-15"
"20216754-5","16","2012-04-17"
"20299661-1","16","2010-09-15"
"20473342-1","16","2011-12-18"
"20667927-9","16","2012-06-07"
"20764295-8","16","2010-08-28"
"20849721-8","16","2010-12-27"
"20849721-8","16","2012-02-08"
"20873789-0","16","2012-09-22"
"8000583-3","16","2012-06-11"
"8114563-0","16","2010-08-04"
"8114563-0","16","2012-06-18"
"8681925-k","16","2012-07-23"
"9085926-7","16","2012-04-04"
"9201513-6","16","2011-01-22"
"9360903-7","16","2011-01-29"
"9965544-2","16","2011-05-12"
"9982043-6","16","2011-02-09"
"10342678-8","17","2011-12-01"
"10428168-8","17","2011-06-07"
"10444682-9","17","2011-12-21"
"10459712-1","17","2012-09-28"
"10727329-0","17","2011-10-24"
"11011210-1","17","2011-06-09"
"11202355-8","17","2010-11-21"
"11211375-1","17","2011-02-10"
"11211375-1","17","2012-02-02"
"11310988-4","17","2011-12-24"
"11490785-4","17","2010-05-17"
"11617022-8","17","2011-09-12"
"11713289-4","17","2010-04-11"
"11781936-9","17","2010-05-16"
"11830357-4","17","2011-04-08"
"11902049-k","17","2012-07-03"
"11943813-5","17","2011-02-17"
"12656082-k","17","2012-09-02"
"12827230-4","17","2010-07-31"
"13180437-2","17","2011-12-30"
"13472983-4","17","2012-08-30"
"13595142-k","17","2010-05-19"
"13715843-9","17","2012-03-08"
"13781120-9","17","2010-07-24"
"13945714-8","17","2011-07-04"
"14337411-0","17","2010-10-02"
"15083138-3","17","2012-08-22"
"15247554-3","17","2012-01-04"
"15438523-2","17","2012-06-23"
"15485703-6","17","2010-06-16"
"15581031-8","17","2010-12-08"
"15707082-0","17","2011-05-29"
"15787804-8","17","2012-05-06"
"16086056-k","17","2010-10-16"
"16362599-2","17","2011-07-23"
"16391008-3","17","2012-09-22"
"16765728-4","17","2011-12-23"
"16843845-5","17","2011-08-09"
"16843845-5","17","2012-08-07"
"16895893-1","17","2010-12-08"
"17122728-2","17","2011-07-19"
"17210477-3","17","2012-05-11"
"17585173-4","17","2011-08-23"
"17661672-0","17","2012-09-04"
"17771891-0","17","2012-09-15"
"17901282-5","17","2012-07-02"
"17999616-6","17","2011-05-30"
"18636428-8","17","2011-05-23"
"19116057-2","17","2010-05-31"
"19826611-k","17","2011-10-27"
"19973449-7","17","2011-07-08"
"20058796-1","17","2011-02-13"
"20163212-7","17","2010-09-23"
"20391171-2","17","2011-09-20"
"20392759-9","17","2012-02-25"
"20714095-5","17","2010-08-14"
"20762457-k","17","2012-07-17"
"8234237-7","17","2010-10-17"
"8237412-6","17","2011-09-08"
"8475507-3","17","2010-12-22"
"8535449-k","17","2010-05-01"
"8545492-4","17","2010-08-22"
"8560937-4","17","2010-11-08"
"8882572-6","17","2012-06-21"
"8943136-3","17","2012-03-23"
"9286538-3","17","2011-12-03"
"9501487-0","17","2012-02-15"
"9791023-4","17","2011-11-21"
"9854001-4","17","2010-06-28"
"10201993-0","18","2010-07-15"
"10342678-8","18","2011-01-30"
"10425256-0","18","2010-09-14"
"10459712-1","18","2010-09-26"
"10665484-7","18","2010-04-25"
"10670426-k","18","2012-04-15"
"10738513-2","18","2012-05-04"
"10790424-1","18","2010-09-10"
"10830089-0","18","2011-09-02"
"10908890-4","18","2012-09-23"
"11499588-0","18","2011-01-11"
"11902049-k","18","2011-07-14"
"12224854-7","18","2011-05-06"
"12294463-4","18","2012-09-27"
"12597738-3","18","2011-02-22"
"12656082-k","18","2012-05-28"
"12934558-4","18","2012-04-08"
"13093244-7","18","2010-05-22"
"13114612-9","18","2012-05-23"
"13287652-4","18","2012-04-11"
"13451617-5","18","2011-05-27"
"13451617-5","18","2012-07-30"
"13676803-6","18","2011-04-11"
"13798388-0","18","2011-06-16"
"14138650-4","18","2010-06-05"
"14337411-0","18","2011-01-17"
"14373370-8","18","2012-09-01"
"14387015-7","18","2010-04-16"
"14387015-7","18","2012-02-06"
"14905228-k","18","2012-09-07"
"15122887-5","18","2011-02-24"
"15181722-2","18","2012-05-01"
"15485703-6","18","2010-08-20"
"15605839-1","18","2011-05-27"
"15700784-3","18","2012-07-07"
"16240288-k","18","2012-04-08"
"16326039-k","18","2010-11-12"
"16494777-6","18","2010-11-16"
"16518283-8","18","2012-07-13"
"16569650-8","18","2010-04-10"
"16629894-8","18","2012-09-14"
"16728871-1","18","2010-05-31"
"16874860-8","18","2012-07-25"
"17168684-9","18","2011-09-20"
"17227791-4","18","2011-01-27"
"17230815-1","18","2012-08-11"
"17396524-6","18","2012-07-30"
"17482590-7","18","2012-01-16"
"17511451-0","18","2011-08-03"
"17711142-1","18","2011-11-18"
"18077782-k","18","2011-08-12"
"18131389-7","18","2011-01-10"
"18201436-4","18","2011-01-01"
"18407045-3","18","2012-04-03"
"18660333-3","18","2010-06-03"
"18660825-4","18","2011-08-28"
"19670263-2","18","2011-07-04"
"19924071-3","18","2010-10-20"
"20113042-4","18","2012-08-16"
"20337295-1","18","2010-06-21"
"20401942-7","18","2012-07-09"
"20670201-1","18","2012-06-21"
"20888178-k","18","2011-05-18"
"8485111-9","18","2011-02-26"
"8926282-6","18","2012-08-06"
"8981754-7","18","2010-10-13"
"9063641-3","18","2012-06-23"
"9360903-7","18","2010-09-01"
"9719816-2","18","2010-04-29"
"9955773-7","18","2011-12-06"
"9965544-2","18","2010-05-06"
"10195028-0","19","2010-11-17"
"10254708-9","19","2011-08-16"
"10342678-8","19","2011-07-17"
"10441269-7","19","2010-04-27"
"10542388-9","19","2012-07-31"
"10631083-4","19","2012-03-13"
"10696260-1","19","2010-05-08"
"10745716-0","19","2011-04-04"
"10766762-5","19","2011-04-15"
"10928461-8","19","2010-11-03"
"11011210-1","19","2011-09-20"
"11048591-7","19","2010-09-26"
"11188506-k","19","2010-07-03"
"11428132-4","19","2012-02-12"
"11655553-0","19","2012-05-24"
"12288787-1","19","2010-07-30"
"12398878-3","19","2012-07-30"
"12597738-3","19","2012-04-18"
"13056001-k","19","2011-03-06"
"13080141-3","19","2012-08-03"
"13180437-2","19","2011-06-11"
"13180437-2","19","2012-01-17"
"13541770-5","19","2011-02-26"
"13856700-2","19","2010-05-06"
"14145803-6","19","2010-10-14"
"14599165-7","19","2012-07-21"
"14609900-6","19","2012-06-11"
"14918424-8","19","2011-10-22"
"14919705-6","19","2012-04-13"
"15320255-5","19","2011-08-04"
"15389778-6","19","2011-11-12"
"15520049-k","19","2011-05-05"
"15581031-8","19","2011-05-30"
"15707082-0","19","2012-02-14"
"15707082-0","19","2012-03-30"
"15775046-3","19","2011-09-12"
"16155973-3","19","2012-01-28"
"16439783-k","19","2011-03-26"
"16439783-k","19","2011-06-24"
"16733473-6","19","2010-09-11"
"16843845-5","19","2011-09-17"
"16874860-8","19","2012-05-12"
"16900639-3","19","2012-08-03"
"17219279-2","19","2011-11-30"
"17329486-2","19","2011-12-05"
"17534634-6","19","2012-07-07"
"18077104-3","19","2012-05-04"
"18228449-k","19","2010-12-11"
"18492641-k","19","2010-12-17"
"18674335-1","19","2011-04-08"
"18753000-6","19","2011-09-13"
"18807117-1","19","2010-08-08"
"18898465-k","19","2012-07-31"
"18940276-3","19","2011-09-10"
"19193124-4","19","2011-07-04"
"19248773-0","19","2011-11-16"
"19483637-3","19","2011-06-07"
"19575731-6","19","2011-02-18"
"19675443-k","19","2010-05-23"
"19774171-6","19","2011-03-07"
"19979491-4","19","2011-05-07"
"20217243-4","19","2012-04-06"
"20361077-5","19","2012-08-11"
"20650469-3","19","2010-11-09"
"20764295-8","19","2011-07-06"
"20961534-8","19","2011-05-04"
"8032534-9","19","2012-01-30"
"8441542-7","19","2012-04-01"
"8520455-2","19","2012-08-19"
"9085331-7","19","2010-12-28"
"9085926-7","19","2010-12-05"
"9152294-8","19","2010-05-06"
"9444324-8","19","2011-05-27"
"9564634-0","19","2011-01-03"
"9791023-4","19","2012-08-04"
"10087763-k","20","2011-03-01"
"10087763-k","20","2012-06-29"
"10425256-0","20","2011-04-29"
"10428168-8","20","2012-07-25"
"10526480-5","20","2010-10-15"
"11622734-8","20","2010-06-05"
"11700326-1","20","2011-03-19"
"11726357-3","20","2010-05-09"
"11726357-3","20","2012-09-04"
"12086364-5","20","2011-09-23"
"12297602-9","20","2012-01-16"
"12297602-9","20","2012-06-16"
"12297602-9","20","2012-08-18"
"12344953-1","20","2010-12-26"
"12399948-4","20","2011-11-22"
"12419793-2","20","2011-03-19"
"12430837-2","20","2011-05-24"
"12656082-k","20","2012-07-28"
"12764959-0","20","2012-08-10"
"12879017-0","20","2012-01-06"
"12906102-7","20","2010-07-28"
"12995119-8","20","2010-11-01"
"13072955-2","20","2011-11-10"
"13080141-3","20","2012-04-02"
"13327869-1","20","2011-06-01"
"13360849-2","20","2012-09-25"
"13552992-3","20","2010-06-15"
"13579572-3","20","2012-01-27"
"13806504-0","20","2011-10-01"
"13828326-k","20","2010-11-09"
"14337411-0","20","2010-04-02"
"14427648-k","20","2011-10-03"
"14487518-3","20","2010-07-31"
"14743796-1","20","2012-04-27"
"14995351-5","20","2011-07-18"
"15061698-8","20","2012-05-06"
"15130000-9","20","2010-07-30"
"15181722-2","20","2012-07-27"
"15863818-8","20","2011-10-12"
"16009131-2","20","2010-04-18"
"16167206-3","20","2011-03-07"
"16304605-0","20","2010-10-10"
"16494777-6","20","2010-10-29"
"16505716-0","20","2010-10-09"
"16629894-8","20","2012-02-21"
"16843845-5","20","2010-05-10"
"16873584-0","20","2012-08-24"
"17090189-8","20","2010-09-23"
"17168684-9","20","2011-04-20"
"17168684-9","20","2011-05-08"
"17230815-1","20","2012-02-25"
"17820991-4","20","2012-09-19"
"17933811-5","20","2010-08-13"
"17960078-1","20","2011-01-27"
"17978708-k","20","2012-07-03"
"18288907-0","20","2011-05-08"
"18324513-2","20","2011-11-29"
"18474437-5","20","2011-08-06"
"18740684-8","20","2012-08-24"
"18898465-k","20","2011-06-29"
"18940276-3","20","2011-06-23"
"19009863-0","20","2011-07-10"
"19116057-2","20","2012-08-10"
"19152630-4","20","2010-08-19"
"19152630-4","20","2012-08-02"
"19157604-7","20","2011-04-03"
"19184600-0","20","2011-09-09"
"19334834-5","20","2010-09-14"
"20211889-7","20","2011-06-09"
"20332018-5","20","2012-07-20"
"20424724-2","20","2011-08-06"
"20513198-8","20","2011-12-01"
"20579078-6","20","2010-12-17"
"20670201-1","20","2012-04-25"
"20708637-2","20","2012-03-06"
"20728319-9","20","2010-08-11"
"20865966-5","20","2012-06-06"
"8234237-7","20","2010-06-10"
"8485111-9","20","2011-03-26"
"8685962-1","20","2011-04-18"
"8799113-0","20","2012-07-07"
"8943136-3","20","2010-07-07"
"9054608-5","20","2010-09-22"
"9054608-5","20","2012-06-24"
"9201513-6","20","2010-06-24"
"9201513-6","20","2011-08-28"
"9613633-k","20","2011-07-14"
"9901992-k","20","2011-08-24"
"9939011-3","20","2011-11-29"
"10087763-k","21","2012-07-16"
"10284246-7","21","2011-01-29"
"10313918-0","21","2010-07-12"
"10686854-8","21","2010-07-15"
"10693941-0","21","2010-05-27"
"10693941-0","21","2010-10-13"
"10727844-8","21","2011-03-25"
"10774675-3","21","2010-07-06"
"10789677-6","21","2012-02-26"
"10939100-6","21","2012-09-06"
"10947857-0","21","2011-07-31"
"11135976-6","21","2010-09-04"
"11665981-8","21","2011-05-18"
"11665981-8","21","2012-01-07"
"11989062-8","21","2010-07-03"
"12086364-5","21","2011-08-04"
"12207875-4","21","2010-05-25"
"12484992-8","21","2011-10-24"
"12879017-0","21","2012-01-09"
"12995226-7","21","2010-12-05"
"12995226-7","21","2012-05-02"
"13087068-8","21","2012-04-21"
"13114612-9","21","2011-10-18"
"13253355-2","21","2010-04-26"
"13810372-6","21","2010-07-28"
"13828326-k","21","2010-10-23"
"13867565-2","21","2012-03-25"
"14247247-4","21","2010-12-31"
"14300378-8","21","2012-02-28"
"14719222-4","21","2010-11-22"
"14918424-8","21","2010-12-26"
"15682738-4","21","2010-04-17"
"15700784-3","21","2011-04-09"
"16346514-9","21","2012-07-06"
"16494777-6","21","2010-05-30"
"16639599-3","21","2012-04-08"
"17230815-1","21","2010-08-04"
"17280525-7","21","2012-07-31"
"17399902-5","21","2011-11-06"
"17464763-7","21","2011-05-25"
"17494047-6","21","2010-11-22"
"17654539-7","21","2011-05-17"
"17661672-0","21","2010-09-27"
"18129935-1","21","2012-03-25"
"18218939-9","21","2011-03-31"
"18450769-6","21","2010-06-22"
"18595277-3","21","2011-10-23"
"18924857-0","21","2012-08-03"
"19417697-k","21","2010-09-16"
"19473444-k","21","2011-11-02"
"19473500-2","21","2011-03-31"
"20110809-8","21","2010-05-20"
"20254362-7","21","2011-07-07"
"20299661-1","21","2012-03-25"
"20392759-9","21","2011-03-15"
"20659036-2","21","2010-07-08"
"20659036-2","21","2012-05-10"
"20971238-k","21","2011-08-13"
"8065301-k","21","2011-11-23"
"8571430-5","21","2011-07-02"
"8620394-k","21","2011-05-16"
"9969055-k","21","2011-03-29"
"10087763-k","22","2010-06-06"
"10201993-0","22","2012-04-16"
"10254802-8","22","2011-10-19"
"10462208-2","22","2012-04-11"
"10727329-0","22","2012-06-20"
"10738513-2","22","2012-03-09"
"10767560-9","22","2011-05-03"
"10830089-0","22","2010-12-05"
"11636733-8","22","2010-11-09"
"11702686-7","22","2010-11-10"
"11781936-9","22","2010-11-14"
"11855650-3","22","2012-09-23"
"12156610-1","22","2010-05-04"
"12297602-9","22","2010-04-14"
"12297602-9","22","2011-12-27"
"12327502-7","22","2012-01-12"
"12344953-1","22","2012-04-01"
"12562035-6","22","2010-08-20"
"12758246-0","22","2012-08-23"
"13093244-7","22","2010-09-03"
"13810372-6","22","2010-11-02"
"14218125-7","22","2010-04-17"
"14257574-0","22","2010-04-08"
"14953110-0","22","2012-05-04"
"15130000-9","22","2011-12-13"
"15135343-0","22","2011-06-28"
"15320255-5","22","2010-08-16"
"15441231-4","22","2010-04-07"
"15441231-4","22","2011-02-24"
"15684738-4","22","2010-10-01"
"16114768-4","22","2012-04-06"
"16267009-9","22","2012-03-22"
"16267009-9","22","2012-08-24"
"16334864-0","22","2011-08-22"
"16540666-6","22","2011-10-14"
"16710780-9","22","2011-09-02"
"16843845-5","22","2011-03-14"
"16931957-k","22","2011-10-31"
"17175310-k","22","2010-12-07"
"17371250-5","22","2012-05-23"
"17372403-3","22","2011-04-18"
"17394153-6","22","2011-12-21"
"17548863-0","22","2010-04-27"
"17785357-0","22","2011-05-10"
"17851180-7","22","2011-08-27"
"17917980-6","22","2012-01-29"
"17917980-6","22","2012-09-25"
"17978698-2","22","2011-01-16"
"18119019-k","22","2011-02-09"
"18331164-0","22","2010-04-03"
"18407045-3","22","2010-04-02"
"18574899-k","22","2011-12-05"
"18740684-8","22","2010-08-19"
"18809431-8","22","2012-02-06"
"19174079-1","22","2011-06-13"
"19334834-5","22","2011-06-11"
"19335110-1","22","2010-09-03"
"19473500-2","22","2010-07-19"
"19622993-8","22","2011-08-04"
"19774171-6","22","2012-02-22"
"20143980-9","22","2011-10-18"
"20414207-0","22","2012-01-01"
"20545932-4","22","2012-08-31"
"20670201-1","22","2010-07-12"
"20728319-9","22","2010-09-05"
"20819150-8","22","2012-07-06"
"20865966-5","22","2012-02-19"
"8000583-3","22","2012-07-19"
"8075594-k","22","2010-07-30"
"8097853-5","22","2012-01-16"
"8234237-7","22","2011-05-10"
"8485111-9","22","2010-07-31"
"8545492-4","22","2012-08-28"
"8673706-8","22","2010-04-15"
"8977076-k","22","2010-09-19"
"9093465-9","22","2010-12-24"
"9094474-3","22","2012-01-04"
"9199929-7","22","2012-02-29"
"9257884-3","22","2010-04-11"
"9445879-6","22","2010-06-02"
"9507902-2","22","2010-08-31"
"9575995-k","22","2011-07-04"
"9596812-6","22","2010-08-28"
"9838255-4","22","2011-08-29"
"9854001-4","22","2010-11-01"
"9854001-4","22","2011-11-26"
"9901992-k","22","2010-08-13"
"9937779-0","22","2012-01-01"
"10019146-1","23","2012-03-13"
"10646561-4","23","2011-10-01"
"10738513-2","23","2011-07-06"
"10917145-6","23","2011-09-28"
"10939100-6","23","2010-12-07"
"11163437-7","23","2012-04-10"
"11578148-6","23","2010-07-30"
"11943813-5","23","2010-09-28"
"12344953-1","23","2011-09-08"
"12885989-2","23","2012-04-10"
"12906102-7","23","2010-09-30"
"12995119-8","23","2012-06-10"
"13114612-9","23","2011-09-25"
"13360849-2","23","2011-09-09"
"13543687-5","23","2010-08-22"
"13867565-2","23","2010-10-06"
"14300378-8","23","2011-11-23"
"14701782-6","23","2012-08-29"
"14966767-0","23","2010-11-17"
"15098138-5","23","2010-05-25"
"15111350-2","23","2010-07-14"
"15905243-1","23","2010-12-05"
"15918301-2","23","2010-07-27"
"15926953-4","23","2011-12-16"
"16267009-9","23","2012-06-16"
"16391008-3","23","2010-06-11"
"16518283-8","23","2011-09-28"
"16550359-1","23","2011-10-08"
"17019466-4","23","2010-08-26"
"17393327-0","23","2010-10-28"
"17464763-7","23","2010-06-22"
"17534634-6","23","2011-01-12"
"17631522-4","23","2012-03-31"
"18206492-4","23","2010-11-15"
"18362451-1","23","2012-05-24"
"18474437-5","23","2012-04-07"
"18636657-k","23","2012-03-17"
"18661228-k","23","2010-04-03"
"18674335-1","23","2011-06-02"
"19184600-0","23","2011-02-08"
"19467963-8","23","2011-07-06"
"20288978-k","23","2010-06-28"
"20288978-k","23","2011-06-06"
"20473342-1","23","2010-10-27"
"20703144-9","23","2012-06-30"
"8073761-2","23","2011-09-18"
"8184682-0","23","2012-07-27"
"9150059-0","23","2010-08-12"
"9152294-8","23","2011-02-10"
"9205611-4","23","2011-03-11"
"9205611-4","23","2012-05-10"
"9255049-1","23","2010-12-07"
"9459863-0","23","2012-05-11"
"9834713-5","23","2012-03-26"
"9962953-2","23","2012-06-09"
"10284246-7","24","2011-05-22"
"10342678-8","24","2011-02-21"
"10428168-8","24","2010-04-04"
"10428168-8","24","2010-09-09"
"10459593-0","24","2012-08-18"
"10620918-k","24","2011-11-11"
"10665484-7","24","2011-07-04"
"10686854-8","24","2012-04-28"
"10727844-8","24","2011-05-18"
"10908890-4","24","2011-12-01"
"10928461-8","24","2011-06-29"
"11148305-4","24","2010-05-22"
"11292025-k","24","2011-10-04"
"11474037-4","24","2011-09-18"
"11610579-3","24","2010-05-29"
"11622734-8","24","2010-06-25"
"11666789-9","24","2012-09-11"
"11966213-6","24","2010-06-22"
"12383272-4","24","2010-09-21"
"12398878-3","24","2012-02-13"
"12399948-4","24","2011-06-22"
"12484992-8","24","2011-10-21"
"12758246-0","24","2010-04-12"
"13087068-8","24","2010-07-28"
"13693803-5","24","2010-07-05"
"14084419-3","24","2011-02-04"
"14524782-6","24","2010-07-12"
"14625618-9","24","2011-07-13"
"14725048-7","24","2010-08-17"
"14953110-0","24","2012-04-08"
"14956748-9","24","2010-05-23"
"14956748-9","24","2011-06-19"
"15210943-3","24","2012-08-01"
"15282892-2","24","2012-03-07"
"15804106-8","24","2011-10-08"
"16055411-1","24","2011-07-15"
"16086056-k","24","2011-12-23"
"16326039-k","24","2010-07-02"
"16334864-0","24","2012-09-21"
"16677394-1","24","2011-06-10"
"16765888-6","24","2012-05-31"
"16900639-3","24","2011-02-16"
"17155448-5","24","2011-09-26"
"17230815-1","24","2010-12-28"
"17394153-6","24","2012-09-26"
"17482590-7","24","2010-06-08"
"17800863-3","24","2010-08-12"
"18098095-1","24","2012-08-21"
"18201436-4","24","2012-08-29"
"18288907-0","24","2011-08-16"
"18303877-7","24","2011-02-26"
"18324513-2","24","2011-12-16"
"18636657-k","24","2011-05-31"
"18660825-4","24","2011-05-13"
"18749851-9","24","2010-10-20"
"19140605-6","24","2011-02-06"
"19315065-7","24","2010-06-04"
"19486455-7","24","2012-06-04"
"19622993-8","24","2010-09-17"
"20287021-8","24","2011-07-17"
"20573095-8","24","2010-07-09"
"20761160-4","24","2011-10-01"
"20849717-2","24","2010-11-20"
"20849717-2","24","2011-05-20"
"8114563-0","24","2010-12-18"
"8234237-7","24","2011-09-14"
"8571430-5","24","2010-10-09"
"8571430-5","24","2012-09-08"
"8764599-3","24","2012-06-16"
"9093465-9","24","2010-04-11"
"9136245-5","24","2010-09-25"
"9528123-5","24","2012-07-23"
"9564634-0","24","2011-10-06"
"9682633-8","24","2010-10-18"
"10195028-0","25","2010-07-31"
"10304805-0","25","2011-02-15"
"10407178-k","25","2010-12-28"
"10459712-1","25","2012-09-17"
"10592245-9","25","2012-05-14"
"10600584-6","25","2010-04-25"
"10620918-k","25","2010-08-10"
"10745716-0","25","2012-01-06"
"10745716-0","25","2012-05-24"
"11007082-7","25","2011-04-07"
"11061492-2","25","2011-05-02"
"11202355-8","25","2011-11-06"
"11310988-4","25","2011-04-16"
"11474375-k","25","2011-09-18"
"11564773-3","25","2010-04-28"
"11700326-1","25","2010-05-03"
"11713289-4","25","2012-03-20"
"12535695-6","25","2010-05-17"
"12700058-5","25","2010-10-03"
"12827230-4","25","2010-07-08"
"13607666-0","25","2011-04-13"
"13705952-1","25","2012-04-06"
"13767180-8","25","2010-11-11"
"13917978-3","25","2010-08-11"
"13940979-6","25","2012-07-17"
"14044949-2","25","2011-08-08"
"14284377-k","25","2010-11-07"
"14625618-9","25","2010-04-27"
"14864252-0","25","2011-05-11"
"15383944-0","25","2010-07-16"
"15684738-4","25","2011-10-01"
"16055411-1","25","2010-07-07"
"16267009-9","25","2011-02-17"
"16322069-9","25","2012-04-07"
"16505716-0","25","2012-02-28"
"16629894-8","25","2012-01-29"
"16636715-1","25","2011-05-08"
"16710780-9","25","2010-12-14"
"16733473-6","25","2012-04-19"
"17031562-k","25","2012-06-09"
"17092438-2","25","2012-07-02"
"17261809-0","25","2010-10-14"
"17329486-2","25","2011-09-01"
"17338532-9","25","2012-05-19"
"17585173-4","25","2012-07-06"
"17654326-2","25","2011-06-26"
"17978698-2","25","2012-03-16"
"18049175-k","25","2010-05-19"
"18228449-k","25","2012-08-05"
"18813263-4","25","2011-03-28"
"18866491-0","25","2011-07-14"
"19020353-8","25","2011-01-14"
"19248773-0","25","2011-03-30"
"19486455-7","25","2012-02-03"
"19859239-6","25","2011-01-16"
"19927653-9","25","2012-09-01"
"20314770-3","25","2011-09-23"
"20361077-5","25","2010-08-26"
"20865966-5","25","2012-02-19"
"20873789-0","25","2010-06-29"
"8000583-3","25","2011-03-05"
"8740225-6","25","2012-05-14"
"8826989-2","25","2010-07-25"
"8891180-4","25","2010-07-09"
"9040082-8","25","2010-07-21"
"9130385-5","25","2010-04-11"
"9136245-5","25","2011-05-14"
"9459863-0","25","2011-08-02"
"9969055-k","25","2012-02-19"
"10284246-7","26","2012-07-06"
"10313654-k","26","2012-05-14"
"10397871-4","26","2010-08-21"
"10592245-9","26","2012-05-30"
"10614220-k","26","2010-11-13"
"10888624-8","26","2011-07-16"
"10908890-4","26","2011-09-27"
"10913321-4","26","2012-06-22"
"10945442-k","26","2012-06-07"
"10992083-4","26","2010-05-21"
"10992083-4","26","2011-12-22"
"11007082-7","26","2012-01-03"
"11048591-7","26","2010-08-13"
"11203862-k","26","2011-09-02"
"11726357-3","26","2011-03-26"
"11813185-2","26","2010-06-06"
"11836950-7","26","2010-07-15"
"11846904-7","26","2012-01-26"
"12430837-2","26","2011-12-11"
"12562035-6","26","2011-01-11"
"12656082-k","26","2010-09-15"
"12995119-8","26","2012-06-02"
"13327869-1","26","2011-08-06"
"13559609-8","26","2010-04-02"
"13635774-5","26","2010-06-25"
"13644034-0","26","2011-10-04"
"13675642-2","26","2011-05-24"
"13758816-9","26","2011-06-16"
"13765219-4","26","2010-07-16"
"13867565-2","26","2011-12-17"
"14145803-6","26","2011-05-12"
"14171726-6","26","2010-11-13"
"14171726-6","26","2011-02-15"
"14253634-7","26","2011-08-14"
"14995351-5","26","2012-07-11"
"15122887-5","26","2011-01-21"
"15247554-3","26","2010-04-17"
"15609542-8","26","2012-03-26"
"15918301-2","26","2011-11-24"
"16334864-0","26","2011-09-22"
"16439783-k","26","2011-03-12"
"16494777-6","26","2010-12-03"
"16873584-0","26","2010-06-24"
"16907632-4","26","2010-10-20"
"16944184-0","26","2010-11-26"
"17363606-8","26","2011-08-26"
"17406105-5","26","2011-03-13"
"17494047-6","26","2012-09-21"
"17585173-4","26","2011-02-01"
"17651295-5","26","2011-02-23"
"17654539-7","26","2010-06-02"
"17711142-1","26","2010-10-28"
"17917980-6","26","2010-04-09"
"17933811-5","26","2010-05-07"
"17978708-k","26","2011-04-04"
"18077782-k","26","2010-07-02"
"18131389-7","26","2011-12-13"
"18134625-4","26","2011-01-27"
"18206492-4","26","2012-04-04"
"18595277-3","26","2011-06-16"
"18740684-8","26","2012-03-23"
"18992562-0","26","2011-06-06"
"19046212-3","26","2012-06-20"
"19174079-1","26","2010-10-26"
"19334834-5","26","2012-08-04"
"19971970-1","26","2010-08-10"
"20139439-8","26","2012-05-20"
"20338419-1","26","2012-06-09"
"20414207-0","26","2011-06-14"
"20667927-9","26","2012-05-16"
"8147134-8","26","2011-07-14"
"8159843-7","26","2010-12-31"
"8252253-7","26","2010-10-10"
"8408693-9","26","2010-06-25"
"8712056-2","26","2010-11-18"
"9055945-1","26","2011-12-31"
"9269149-1","26","2011-11-21"
"9501589-0","26","2011-06-20"
"9828461-8","26","2011-11-20"
"9939011-3","26","2012-07-16"
"10600584-6","27","2012-03-31"
"10670426-k","27","2010-04-25"
"10888624-8","27","2012-02-11"
"10928461-8","27","2012-07-21"
"11310988-4","27","2011-11-23"
"11642766-6","27","2011-09-19"
"11655553-0","27","2012-06-26"
"11681144-4","27","2011-12-04"
"11813185-2","27","2010-08-09"
"11894783-5","27","2010-07-29"
"11937881-7","27","2010-08-24"
"12327502-7","27","2012-08-26"
"12613352-5","27","2010-08-18"
"12635560-3","27","2010-05-26"
"12698243-9","27","2010-06-20"
"13180437-2","27","2012-01-12"
"13386466-k","27","2011-02-23"
"13559609-8","27","2011-11-28"
"13603059-3","27","2012-05-19"
"13675642-2","27","2010-12-09"
"14609900-6","27","2012-09-21"
"15177835-k","27","2011-03-08"
"15652727-2","27","2012-03-02"
"15671294-9","27","2010-07-08"
"15700784-3","27","2011-08-25"
"15963325-4","27","2010-08-08"
"15980862-0","27","2010-10-20"
"16765728-4","27","2012-09-22"
"16823495-5","27","2011-06-17"
"17711142-1","27","2012-01-09"
"18065628-4","27","2011-09-07"
"18303877-7","27","2011-04-06"
"18362451-1","27","2012-04-27"
"18409648-9","27","2012-01-31"
"18552186-0","27","2011-07-22"
"18636428-8","27","2012-07-07"
"18898465-k","27","2010-12-02"
"20050867-7","27","2012-08-23"
"20116004-3","27","2012-02-08"
"20217243-4","27","2011-10-19"
"20486586-5","27","2011-02-26"
"20549985-9","27","2011-09-27"
"20563703-4","27","2010-12-06"
"20650469-3","27","2011-10-12"
"8032534-9","27","2011-01-08"
"8705278-3","27","2012-05-28"
"8712056-2","27","2010-07-16"
"9044598-1","27","2011-12-25"
"9136887-1","27","2012-07-08"
"9459863-0","27","2010-11-09"
"9564634-0","27","2011-08-16"
"9719816-2","27","2012-09-22"
"9962953-2","27","2010-10-18"
"9984013-9","27","2011-03-02"
"10522712-1","28","2011-11-22"
"10665484-7","28","2012-01-19"
"11292358-5","28","2012-01-28"
"11943813-5","28","2011-12-03"
"12161292-9","28","2011-05-12"
"12419793-2","28","2012-09-17"
"12635560-3","28","2010-09-08"
"13138149-8","28","2010-05-05"
"13327869-1","28","2011-06-05"
"13635774-5","28","2012-08-06"
"13765219-4","28","2012-02-28"
"13781120-9","28","2010-12-26"
"14425090-8","28","2011-11-03"
"14932061-0","28","2011-11-02"
"15098138-5","28","2012-06-04"
"15135343-0","28","2010-08-15"
"15407187-1","28","2011-12-18"
"15581031-8","28","2011-07-28"
"15605839-1","28","2011-08-04"
"15684738-4","28","2011-12-17"
"15738269-9","28","2010-05-15"
"16218569-2","28","2012-06-18"
"16315245-4","28","2012-07-12"
"16322069-9","28","2011-09-03"
"16326039-k","28","2010-05-27"
"16362599-2","28","2011-08-31"
"16846561-4","28","2012-01-20"
"16895570-k","28","2011-02-14"
"16969641-2","28","2011-02-25"
"17168684-9","28","2011-09-02"
"17396524-6","28","2010-04-08"
"17482590-7","28","2012-06-18"
"17708405-5","28","2010-04-07"
"17978708-k","28","2010-11-10"
"18098095-1","28","2010-06-26"
"18119019-k","28","2011-08-01"
"18237524-1","28","2010-08-28"
"18407045-3","28","2010-12-21"
"18437929-9","28","2012-04-26"
"18600532-8","28","2011-09-07"
"18674335-1","28","2012-07-25"
"18898465-k","28","2011-01-13"
"19140605-6","28","2011-04-07"
"19216713-2","28","2011-03-26"
"20064244-5","28","2012-03-20"
"20113042-4","28","2010-04-24"
"20217243-4","28","2011-06-18"
"20361077-5","28","2010-12-04"
"20363349-6","28","2010-06-03"
"20424724-2","28","2011-08-17"
"20486586-5","28","2011-08-08"
"20657101-6","28","2012-04-29"
"20703144-9","28","2012-07-16"
"8087060-3","28","2012-09-02"
"8191904-7","28","2012-04-15"
"8219361-0","28","2010-10-03"
"8485111-9","28","2012-01-12"
"8637460-6","28","2010-10-19"
"8891180-4","28","2011-06-28"
"9040082-8","28","2012-05-21"
"9085331-7","28","2011-08-05"
"9136245-5","28","2011-04-21"
"9216496-2","28","2010-05-03"
"9293347-5","28","2010-04-16"
"9293347-5","28","2011-10-31"
"9828461-8","28","2011-09-30"
"9901992-k","28","2012-05-10"
"9995143-6","28","2012-02-11"
"10013917-4","29","2011-04-10"
"10081293-7","29","2011-10-19"
"10574225-1","29","2012-05-16"
"10614220-k","29","2012-03-08"
"10745716-0","29","2012-10-01"
"11007082-7","29","2010-07-31"
"11048683-5","29","2012-03-11"
"11227028-5","29","2011-02-03"
"11578148-6","29","2010-07-09"
"11622734-8","29","2012-03-03"
"11891446-1","29","2011-08-29"
"11893748-7","29","2010-10-25"
"11902049-k","29","2012-03-21"
"11966213-6","29","2010-12-12"
"12226775-0","29","2010-06-08"
"12467789-6","29","2010-12-17"
"13180437-2","29","2012-02-21"
"13395070-4","29","2011-05-26"
"13541770-5","29","2012-02-16"
"13943240-4","29","2010-12-11"
"13943240-4","29","2012-05-26"
"14132290-1","29","2011-12-28"
"14284377-k","29","2011-03-15"
"14290120-7","29","2011-11-29"
"14770284-4","29","2012-02-29"
"14969971-1","29","2010-08-03"
"15130000-9","29","2012-06-04"
"15181722-2","29","2010-06-14"
"15210943-3","29","2010-09-18"
"15485414-7","29","2011-12-25"
"15601732-1","29","2012-04-09"
"15963325-4","29","2010-07-03"
"16047416-1","29","2011-12-16"
"16900639-3","29","2010-10-28"
"16907632-4","29","2012-01-17"
"17008439-3","29","2011-06-25"
"17040350-6","29","2012-02-06"
"17092438-2","29","2011-11-17"
"17210477-3","29","2010-12-25"
"17494047-6","29","2012-07-05"
"18119019-k","29","2011-01-17"
"18129935-1","29","2010-11-01"
"18216760-0","29","2012-09-09"
"18228449-k","29","2012-01-14"
"18622587-k","29","2010-04-11"
"18660333-3","29","2012-07-23"
"18770893-3","29","2012-05-14"
"18807117-1","29","2012-03-22"
"19087032-k","29","2012-06-30"
"19152630-4","29","2011-01-19"
"19294495-9","29","2011-05-30"
"19335110-1","29","2011-03-13"
"19340427-2","29","2011-04-09"
"19679534-6","29","2010-07-03"
"20226010-9","29","2010-12-22"
"20314770-3","29","2011-08-05"
"20363349-6","29","2012-06-08"
"20780363-8","29","2012-04-26"
"8147134-8","29","2011-05-08"
"8891180-4","29","2012-08-29"
"9085926-7","29","2011-12-03"
"9092073-3","29","2011-01-03"
"9105934-8","29","2010-11-11"
"9201513-6","29","2010-10-21"
"9563359-4","29","2011-01-13"
"9982043-6","29","2010-11-25"
"10313918-0","30","2011-10-19"
"10542388-9","30","2012-03-25"
"10627199-5","30","2012-01-06"
"10670426-k","30","2011-03-15"
"10738513-2","30","2011-07-27"
"10738513-2","30","2012-05-13"
"10767560-9","30","2010-10-16"
"10888624-8","30","2011-11-18"
"11188506-k","30","2012-07-18"
"11227028-5","30","2012-09-19"
"11386599-3","30","2010-07-02"
"11521681-7","30","2011-03-28"
"11666789-9","30","2010-05-31"
"11681144-4","30","2012-03-27"
"11756496-7","30","2012-02-29"
"11810558-3","30","2011-01-22"
"11813185-2","30","2011-08-25"
"11830357-4","30","2011-05-28"
"11891446-1","30","2011-08-02"
"12108855-5","30","2011-06-25"
"12977668-4","30","2010-07-16"
"12995226-7","30","2010-09-28"
"13501648-8","30","2011-08-24"
"13615018-5","30","2011-02-10"
"13767180-8","30","2012-05-13"
"13798388-0","30","2010-05-22"
"14145803-6","30","2010-05-20"
"14412228-k","30","2012-07-21"
"14701782-6","30","2012-06-14"
"14724071-3","30","2011-01-16"
"14864252-0","30","2011-09-05"
"14916521-3","30","2011-02-25"
"15061698-8","30","2012-03-04"
"15165692-9","30","2010-04-09"
"15165692-9","30","2010-08-17"
"15383944-0","30","2012-05-28"
"15395078-9","30","2012-01-02"
"15407187-1","30","2010-09-02"
"15407187-1","30","2011-08-13"
"15682738-4","30","2011-05-31"
"15684738-4","30","2012-01-22"
"16494777-6","30","2012-09-14"
"16518283-8","30","2012-04-14"
"16895893-1","30","2010-12-28"
"17040350-6","30","2010-06-07"
"17227791-4","30","2011-06-20"
"17266587-6","30","2010-07-12"
"17338532-9","30","2011-11-19"
"17393327-0","30","2010-12-08"
"17999616-6","30","2010-05-18"
"18217236-8","30","2011-05-26"
"18299515-4","30","2012-04-03"
"18492641-k","30","2010-11-26"
"18574899-k","30","2011-06-21"
"18586096-0","30","2010-07-04"
"18948863-4","30","2011-01-28"
"18948863-4","30","2012-07-17"
"19670263-2","30","2011-07-01"
"19679534-6","30","2011-01-29"
"19954170-0","30","2010-10-06"
"19970660-k","30","2010-05-22"
"19979491-4","30","2011-12-10"
"20050867-7","30","2010-10-24"
"20214213-3","30","2010-06-02"
"20294955-1","30","2012-03-14"
"20338419-1","30","2011-02-08"
"20372200-2","30","2011-01-21"
"20391171-2","30","2010-10-19"
"20392759-9","30","2010-04-25"
"20563703-4","30","2011-03-22"
"8389163-2","30","2010-06-06"
"8520455-2","30","2011-08-15"
"8673706-8","30","2011-11-09"
"8977076-k","30","2010-05-04"
"8986755-6","30","2011-01-16"
"9130385-5","30","2010-08-09"
"9266850-6","30","2011-07-18"
"9613633-k","30","2012-08-25"
"9834713-5","30","2011-04-20"
"9838255-4","30","2010-05-20"
"9965544-2","30","2011-07-14"
