"CodigoT","RutC","CodigoH","CodigoPeli","NumSala","NumSucur"
"2711","20017419-6","1","93","12","4"
"2954","12484992-8","2","115","12","4"
"1524","14553164-2","3","3","5","7"
"1704","11751504-6","3","3","5","7"
"2321","8927431-k","3","3","5","7"
"2590","12193723-9","3","3","5","7"
"1551","19774171-6","5","48","12","4"
"2710","16491069-4","5","48","12","4"
"343","20714095-5","6","6","4","5"
"1482","17631522-4","6","6","4","5"
"1646","10693941-0","6","6","4","5"
"1739","14932061-0","6","6","4","5"
"2147","18743719-5","6","6","4","5"
"2181","14149723-3","6","6","4","5"
"1828","17371250-5","7","109","5","3"
"2309","11558474-8","7","109","5","3"
"697","11292358-5","8","35","8","2"
"2023","14599488-k","8","35","8","2"
"1026","14701782-6","9","35","5","1"
"1525","14341626-9","9","35","5","1"
"1775","17206394-k","9","35","5","1"
"1856","10727844-8","9","35","5","1"
"2003","16728871-1","9","35","5","1"
"2188","13603059-3","9","35","5","1"
"1900","18516050-1","10","9","4","1"
"2573","10754194-8","10","9","4","1"
"2663","10945442-k","10","9","4","1"
"678","9136245-5","12","32","4","5"
"1391","16326039-k","12","32","4","5"
"2527","12161292-9","12","32","4","5"
"2564","14401608-5","12","32","4","5"
"2616","15796743-5","12","32","4","5"
"647","20214213-3","13","111","7","2"
"1553","10462208-2","13","111","7","2"
"1905","13715843-9","13","111","7","2"
"2883","11665981-8","13","111","7","2"
"152","13635774-5","14","1","4","1"
"2521","19335110-1","14","1","4","1"
"2360","9828461-8","15","91","4","5"
"1097","19417697-k","16","20","12","4"
"1094","14558175-k","17","118","5","3"
"2794","19837396-5","17","118","5","3"
"289","20949049-6","18","41","11","4"
"515","15247554-3","19","113","2","6"
"1424","16846561-4","19","113","2","6"
"268","11369817-0","20","27","8","2"
"808","18743719-5","20","27","8","2"
"1517","19355543-6","20","27","8","2"
"2067","14917247-7","20","27","8","2"
"2537","20849721-8","20","27","8","2"
"2701","20064244-5","20","27","8","2"
"910","20401942-7","21","113","5","3"
"1444","13798388-0","21","113","5","3"
"2118","19315065-7","21","113","5","3"
"2269","8891180-4","21","113","5","3"
"2687","15682738-4","21","113","5","3"
"99","19575731-6","22","24","5","3"
"1300","12700058-5","22","24","5","3"
"285","11893748-7","23","108","11","4"
"987","20226010-9","23","108","11","4"
"2580","18636657-k","24","6","11","4"
"66","15653202-7","25","50","2","6"
"747","11007082-7","25","50","2","6"
"1428","10774675-3","25","50","2","6"
"279","13736347-9","26","6","2","6"
"1221","11061492-2","26","6","2","6"
"1574","14105296-k","26","6","2","6"
"2270","16564057-9","26","6","2","6"
"844","18324513-2","27","16","5","1"
"1339","9828461-8","27","16","5","1"
"1365","10444682-9","27","16","5","1"
"1476","20535525-0","27","16","5","1"
"1812","19575731-6","27","16","5","1"
"2010","14956748-9","27","16","5","1"
"2111","10627199-5","27","16","5","1"
"2729","17626467-5","27","16","5","1"
"2982","17800863-3","27","16","5","1"
"83","10195028-0","28","96","5","3"
"79","10686854-8","29","41","2","6"
"1694","13177183-6","29","41","2","6"
"1813","11896298-8","29","41","2","6"
"43","18134625-4","30","89","4","1"
"450","12484992-8","30","89","4","1"
"1580","9152294-8","30","89","4","1"
"630","16036699-4","31","97","11","4"
"1804","17978708-k","31","97","11","4"
"2424","20441380-9","31","97","11","4"
"507","18636657-k","32","23","11","4"
"2577","11227028-5","32","23","11","4"
"12","18864795-0","33","37","1","6"
"1688","20579078-6","33","37","1","6"
"1736","18809431-8","33","37","1","6"
"2347","19622993-8","33","37","1","6"
"981","13087068-8","34","23","1","6"
"1158","17227305-k","34","23","1","6"
"1313","17777198-7","34","23","1","6"
"2875","12161292-9","34","23","1","6"
"843","15528686-2","36","91","11","4"
"953","18299515-4","36","91","11","4"
"1486","13421144-k","37","37","8","2"
"1992","19259002-8","37","37","8","2"
"2758","20892590-3","37","37","8","2"
"55","16540666-6","38","3","4","5"
"380","12398878-3","38","3","4","5"
"545","14553164-2","38","3","4","5"
"1877","19278133-8","38","3","4","5"
"2170","14016140-1","38","3","4","5"
"2267","20050867-7","38","3","4","5"
"693","13607666-0","39","30","5","7"
"1063","13798388-0","39","30","5","7"
"1548","11310988-4","39","30","5","7"
"2565","8252471-4","39","30","5","7"
"2981","18552186-0","39","30","5","7"
"733","11034471-3","40","9","3","1"
"871","17206394-k","40","9","3","1"
"1368","15981330-2","40","9","3","1"
"1492","8065301-k","40","9","3","1"
"1860","10462208-2","40","9","3","1"
"1874","19826611-k","40","9","3","1"
"2433","15671294-9","40","9","3","1"
"231","17461264-7","41","24","4","1"
"275","19552856-3","41","24","4","1"
"1514","16240288-k","41","24","4","1"
"2503","14290120-7","41","24","4","1"
"2755","20187328-1","41","24","4","1"
"440","9962953-2","42","49","7","2"
"1342","19469841-5","42","49","7","2"
"2561","9575995-k","42","49","7","2"
"1191","11655553-0","43","20","8","2"
"1786","20085358-6","43","20","8","2"
"2511","19355543-6","43","20","8","2"
"2659","18572600-8","43","20","8","2"
"2777","13822374-8","43","20","8","2"
"1165","13758816-9","44","24","2","6"
"1204","15282892-2","44","24","2","6"
"1235","8681925-k","44","24","2","6"
"1765","20849721-8","44","24","2","6"
"2623","16302450-4","44","24","2","6"
"1207","13056001-k","46","115","5","3"
"1699","11896298-8","46","115","5","3"
"1718","17511451-0","47","37","7","2"
"2109","13822374-8","47","37","7","2"
"780","18898465-k","48","93","4","1"
"2148","9094474-3","48","93","4","1"
"2310","14027767-0","48","93","4","1"
"2660","18129935-1","48","93","4","1"
"568","20796416-9","49","37","12","4"
"804","13421144-k","49","37","12","4"
"2666","8560937-4","49","37","12","4"
"1862","12216436-8","50","30","3","1"
"1989","12207875-4","50","30","3","1"
"465","20401942-7","51","85","7","2"
"573","8128017-2","51","85","7","2"
"1624","16846561-4","51","85","7","2"
"2113","10945442-k","51","85","7","2"
"2457","20545932-4","51","85","7","2"
"181","12562035-6","52","111","5","1"
"1450","18943805-7","52","111","5","1"
"2524","9575995-k","52","111","5","1"
"764","19259002-8","53","97","5","3"
"9","12086364-5","54","45","1","6"
"813","11227028-5","54","45","1","6"
"2353","8943136-3","54","45","1","6"
"2490","14171726-6","54","45","1","6"
"2736","13867565-2","54","45","1","6"
"87","8644759-7","55","20","4","1"
"146","11578148-6","55","20","4","1"
"823","12460133-7","55","20","4","1"
"1119","18065628-4","55","20","4","1"
"1358","18217122-7","55","20","4","1"
"2075","8065301-k","55","20","4","1"
"2429","15918301-2","55","20","4","1"
"1278","9955773-7","56","115","5","7"
"1490","20849721-8","56","115","5","7"
"2411","13675642-2","56","115","5","7"
"2482","10945442-k","56","115","5","7"
"2809","17511451-0","56","115","5","7"
"2947","14105296-k","56","115","5","7"
"214","16089346-1","57","108","8","2"
"303","9054608-5","57","108","8","2"
"2553","12777311-7","57","108","8","2"
"2690","20486586-5","57","108","8","2"
"1002","18630809-0","58","91","5","3"
"1507","18963549-0","58","91","5","3"
"2078","14599165-7","58","91","5","3"
"340","15601732-1","59","51","5","1"
"2174","20085358-6","59","51","5","1"
"2391","20573095-8","59","51","5","1"
"56","19340427-2","60","89","7","2"
"1464","15863818-8","60","89","7","2"
"1958","13080141-3","60","89","7","2"
"2289","17978708-k","60","89","7","2"
"2859","20085358-6","60","89","7","2"
"111","20545932-4","62","86","5","3"
"771","15227805-2","62","86","5","3"
"1410","16086056-k","62","86","5","3"
"2187","10686854-8","62","86","5","3"
"287","12773333-3","63","111","5","7"
"2989","8184407-6","63","111","5","7"
"521","18749851-9","64","6","4","1"
"592","12700058-5","64","6","4","1"
"940","20877712-9","64","6","4","1"
"1740","10297836-4","64","6","4","1"
"2094","15135343-0","64","6","4","1"
"2486","15706872-k","64","6","4","1"
"347","17109965-3","65","20","5","1"
"966","9094474-3","65","20","5","1"
"331","15520049-k","66","113","4","1"
"414","13051844-8","66","113","4","1"
"661","8700222-4","66","113","4","1"
"1273","19117513-4","66","113","4","1"
"1315","13051287-4","66","113","4","1"
"1637","16728871-1","66","113","4","1"
"1720","15122887-5","66","113","4","1"
"2035","16728871-1","66","113","4","1"
"2064","16895893-1","66","113","4","1"
"2630","12635560-3","66","113","4","1"
"2700","17631522-4","66","113","4","1"
"2","12879017-0","67","113","3","1"
"73","19278133-8","67","113","3","1"
"937","10696260-1","67","113","3","1"
"2968","8620394-k","67","113","3","1"
"2993","9063641-3","67","113","3","1"
"324","19335110-1","68","89","2","6"
"866","20199876-5","68","89","2","6"
"1258","15320255-5","68","89","2","6"
"1560","18734319-0","68","89","2","6"
"2141","19140605-6","68","89","2","6"
"2816","17933811-5","68","89","2","6"
"106","20199876-5","69","24","11","4"
"1046","13056001-k","69","24","11","4"
"2033","11655553-0","69","24","11","4"
"2452","20778624-8","69","24","11","4"
"293","20338419-1","70","109","7","2"
"496","19565542-5","70","109","7","2"
"590","10945442-k","70","109","7","2"
"782","13806504-0","70","109","7","2"
"1522","18734319-0","71","23","4","5"
"1962","12773333-3","71","23","4","5"
"2228","19335110-1","71","23","4","5"
"2348","17777198-7","71","23","4","5"
"2858","9937779-0","71","23","4","5"
"11","10696260-1","72","51","12","4"
"1921","11454209-4","72","51","12","4"
"2931","8681925-k","72","51","12","4"
"1337","10987100-k","73","3","1","6"
"1382","9480303-3","73","3","1","6"
"1427","11662701-5","73","3","1","6"
"2260","11966213-6","73","3","1","6"
"2317","9997220-5","73","3","1","6"
"2336","15164542-7","73","3","1","6"
"2427","17122728-2","73","3","1","6"
"148","8304051-8","74","22","8","2"
"2220","13667876-1","74","22","8","2"
"286","19363861-8","75","86","5","7"
"412","14701782-6","75","86","5","7"
"2583","10670426-k","75","86","5","7"
"20","16846561-4","76","108","2","6"
"511","12108855-5","76","108","2","6"
"1130","16326039-k","76","108","2","6"
"1478","16362599-2","76","108","2","6"
"292","11893748-7","77","16","5","7"
"390","13080141-3","77","16","5","7"
"901","16267009-9","77","16","5","7"
"1794","12773333-3","77","16","5","7"
"249","10441269-7","78","23","5","7"
"291","8237412-6","78","23","5","7"
"899","17396524-6","78","23","5","7"
"1678","14932061-0","78","23","5","7"
"2061","16491069-4","78","23","5","7"
"2888","9691445-8","78","23","5","7"
"840","14341626-9","79","50","11","4"
"1960","15775046-3","79","50","11","4"
"2980","20217243-4","79","50","11","4"
"703","16871053-k","80","22","1","6"
"1591","18299515-4","80","22","1","6"
"2949","14917247-7","80","22","1","6"
"1834","18317364-7","82","23","2","6"
"2273","20486586-5","82","23","2","6"
"2719","11048591-7","82","23","2","6"
"2818","8252471-4","82","23","2","6"
"2964","10696260-1","82","23","2","6"
"1660","19837396-5","83","41","4","1"
"2001","18674335-1","83","41","4","1"
"2744","18743719-5","83","41","4","1"
"635","15037830-6","84","3","12","4"
"985","18407045-3","84","3","12","4"
"569","14084419-3","85","109","8","2"
"945","19033204-3","85","109","8","2"
"1060","8369907-k","85","109","8","2"
"1062","18492641-k","85","109","8","2"
"622","15122887-5","86","20","5","3"
"668","12484992-8","86","20","5","3"
"2682","16304605-0","86","20","5","3"
"946","17494047-6","87","51","8","2"
"1996","15181722-2","87","51","8","2"
"2238","13177183-6","87","51","8","2"
"2823","9201513-6","87","51","8","2"
"517","18898465-k","88","109","1","6"
"1705","15639527-0","88","109","1","6"
"1970","14749709-9","88","109","1","6"
"18","13087068-8","89","39","5","1"
"873","20892590-3","89","39","5","1"
"1283","8032534-9","89","39","5","1"
"1461","8826989-2","89","39","5","1"
"2288","10627199-5","89","39","5","1"
"2942","14969971-1","89","39","5","1"
"76","16130198-2","90","39","8","2"
"439","13177183-6","90","39","8","2"
"14","8000583-3","91","39","5","3"
"513","10108040-k","92","35","3","1"
"710","18648095-5","92","35","3","1"
"858","12635560-3","92","35","3","1"
"1571","16315245-4","92","35","3","1"
"1735","8322641-9","92","35","3","1"
"1917","10297836-4","92","35","3","1"
"2034","11034471-3","92","35","3","1"
"2259","13472983-4","92","35","3","1"
"2552","8520455-2","92","35","3","1"
"2693","15083138-3","92","35","3","1"
"2725","15620003-7","92","35","3","1"
"166","20299661-1","93","48","7","2"
"296","18674335-1","93","48","7","2"
"314","15605839-1","93","48","7","2"
"2667","17109965-3","93","48","7","2"
"2929","8649952-8","93","48","7","2"
"342","8441542-7","94","96","2","6"
"2765","15887640-7","94","96","2","6"
"815","14905228-k","95","45","11","4"
"1058","12327502-7","97","35","5","3"
"2271","15061698-8","97","35","5","3"
"1839","20623137-9","98","17","4","5"
"1985","15211175-6","98","17","4","5"
"223","12698243-9","99","49","1","6"
"443","20513198-8","99","49","1","6"
"847","20486586-5","99","49","1","6"
"2047","8114563-0","99","49","1","6"
"2988","18626693-2","99","49","1","6"
"501","19554510-1","100","48","4","1"
"1245","10297836-4","100","48","4","1"
"2293","13676803-6","100","48","4","1"
"2328","8620047-9","100","48","4","1"
"2705","19174079-1","100","48","4","1"
"330","15528686-2","101","108","1","6"
"1018","19758685-7","101","108","1","6"
"1783","10254802-8","102","96","4","1"
"2377","12207875-4","102","96","4","1"
"2581","16593240-k","102","96","4","1"
"2791","19552856-3","102","96","4","1"
"54","20849721-8","103","35","4","1"
"1338","15227805-2","103","35","4","1"
"1757","16218569-2","103","35","4","1"
"199","11713289-4","104","14","11","4"
"2291","14439096-2","104","14","11","4"
"2830","9055945-1","104","14","11","4"
"1059","17063081-1","105","96","8","2"
"1344","17661672-0","105","96","8","2"
"1554","16629894-8","105","96","8","2"
"2733","8441542-7","105","96","8","2"
"1940","19335110-1","106","113","7","2"
"2514","9459863-0","106","113","7","2"
"209","9266850-6","107","1","2","6"
"1535","18940276-3","107","1","2","6"
"1564","14488058-6","107","1","2","6"
"1825","10274120-1","107","1","2","6"
"1394","11947826-6","108","35","2","6"
"1965","18626693-2","108","35","2","6"
"2866","14218125-7","108","35","2","6"
"2987","14253634-7","108","35","2","6"
"553","11336301-8","109","32","4","1"
"2264","15063139-3","109","32","4","1"
"230","20535525-0","110","111","11","4"
"406","16895893-1","110","111","11","4"
"2312","17494047-6","110","111","11","4"
"34","17122728-2","111","51","7","2"
"986","10444682-9","111","51","7","2"
"344","15615214-9","112","23","12","4"
"1570","13767180-8","112","23","12","4"
"537","16639599-3","113","43","3","1"
"577","16218569-2","113","43","3","1"
"1781","20888178-k","113","43","3","1"
"2192","16900639-3","113","43","3","1"
"428","9085926-7","114","37","5","1"
"540","15165692-9","114","37","5","1"
"558","20486586-5","114","37","5","1"
"1954","14387015-7","114","37","5","1"
"2378","13828326-k","114","37","5","1"
"2528","10274120-1","116","51","11","4"
"2654","15863818-8","116","51","11","4"
"1068","18734319-0","117","91","12","4"
"1095","17352948-1","117","91","12","4"
"671","19174079-1","118","33","11","4"
"1504","20319057-9","118","33","11","4"
"2031","15581031-8","118","33","11","4"
"1096","15620003-7","119","17","2","6"
"1879","17631522-4","119","17","2","6"
"1953","10444682-9","119","17","2","6"
"1319","8926282-6","120","39","12","4"
"1619","16677394-1","120","39","12","4"
"775","15605839-1","121","118","11","4"
"1816","19033204-3","121","118","11","4"
"194","16895893-1","122","93","5","7"
"294","18098095-1","122","93","5","7"
"658","18492641-k","122","93","5","7"
"2065","16564057-9","122","93","5","7"
"2586","16218569-2","122","93","5","7"
"570","20873789-0","123","85","4","1"
"1261","15981330-2","123","85","4","1"
"1593","14553164-2","123","85","4","1"
"1791","8032534-9","123","85","4","1"
"1831","15863818-8","123","85","4","1"
"2122","9719816-2","123","85","4","1"
"2650","10992083-4","123","85","4","1"
"891","8740225-6","124","32","8","2"
"1081","12906102-7","124","32","8","2"
"2735","17303307-9","124","32","8","2"
"332","19117513-4","125","41","4","5"
"773","16843845-5","125","41","4","5"
"1152","10342678-8","125","41","4","5"
"1443","10600584-6","126","97","4","5"
"2085","10631083-4","126","97","4","5"
"2961","9997220-5","126","97","4","5"
"1698","11751504-6","127","115","4","5"
"1778","17372403-3","127","115","4","5"
"2250","15609542-8","127","115","4","5"
"74","9055945-1","128","45","8","2"
"509","14769498-0","128","45","8","2"
"1141","11202355-8","128","45","8","2"
"1248","8134000-3","128","45","8","2"
"177","8252471-4","129","22","2","6"
"1334","18516050-1","129","22","2","6"
"1811","17785357-0","129","22","2","6"
"2730","20332018-5","129","22","2","6"
"1745","9596955-7","130","49","5","7"
"2957","19934401-3","130","49","5","7"
"246","12879017-0","131","17","1","6"
"319","12294463-4","131","17","1","6"
"631","8927431-k","131","17","1","6"
"1489","16549557-k","131","17","1","6"
"1505","15615214-9","131","17","1","6"
"1979","11490785-4","131","17","1","6"
"1546","15383944-0","132","93","8","2"
"383","12224854-7","134","32","5","3"
"807","8712056-2","134","32","5","3"
"53","10686854-8","135","9","2","6"
"107","16326039-k","135","9","2","6"
"791","16823495-5","135","9","2","6"
"1721","16891185-0","136","3","3","1"
"1978","11454209-4","136","3","3","1"
"2180","13758816-9","136","3","3","1"
"2198","13676803-6","136","3","3","1"
"2469","15312308-8","136","3","3","1"
"33","15918301-2","137","17","3","1"
"68","10908890-4","137","17","3","1"
"1776","16604405-0","137","17","3","1"
"2089","17227305-k","137","17","3","1"
"2152","9984013-9","137","17","3","1"
"115","19156540-8","138","96","3","1"
"311","20949049-6","138","96","3","1"
"464","14138650-4","138","96","3","1"
"2870","17063081-1","138","96","3","1"
"711","18740684-8","139","45","7","2"
"1421","15164542-7","139","45","7","2"
"2547","20650469-3","139","45","7","2"
"548","11617022-8","140","49","12","4"
"316","18882428-8","141","22","4","5"
"484","10254802-8","141","22","4","5"
"868","17705078-1","141","22","4","5"
"2326","9152294-8","142","97","12","4"
"2381","15638885-2","142","97","12","4"
"2416","10945442-k","142","97","12","4"
"2478","8620394-k","142","97","12","4"
"2568","14027767-0","142","97","12","4"
"932","11048683-5","143","93","2","6"
"976","16240288-k","143","93","2","6"
"1210","17219279-2","143","93","2","6"
"1355","16304605-0","143","93","2","6"
"1467","11655553-0","143","93","2","6"
"1573","15707082-0","143","93","2","6"
"2556","13253355-2","143","93","2","6"
"1928","14919705-6","144","27","1","6"
"2930","13158500-6","144","27","1","6"
"685","19355543-6","145","118","2","6"
"750","13607666-0","145","118","2","6"
"1732","17654326-2","145","118","2","6"
"2277","12419793-2","145","118","2","6"
"1440","8252471-4","146","9","12","4"
"2175","19859239-6","146","9","12","4"
"1875","13798388-0","147","108","7","2"
"1925","19826611-k","147","108","7","2"
"2607","20054343-0","147","108","7","2"
"2703","16733473-6","147","108","7","2"
"662","11702686-7","148","50","5","1"
"884","10790424-1","148","50","5","1"
"918","20873789-0","148","50","5","1"
"1231","16036699-4","148","50","5","1"
"1907","11011210-1","148","50","5","1"
"2737","10693941-0","148","50","5","1"
"2824","20892590-3","148","50","5","1"
"75","15605839-1","149","85","5","3"
"475","14749709-9","149","85","5","3"
"623","17777198-7","149","85","5","3"
"1898","20294955-1","149","85","5","3"
"1164","20667927-9","150","39","5","7"
"2074","9266850-6","150","39","5","7"
"2629","13552992-3","150","39","5","7"
"757","18740684-8","151","1","4","5"
"920","11902049-k","151","1","4","5"
"2509","17329272-3","151","1","4","5"
"2972","18492641-k","151","1","4","5"
"164","12877558-6","152","23","5","3"
"648","9984013-9","152","23","5","3"
"863","18131389-7","152","23","5","3"
"1555","19335110-1","152","23","5","3"
"445","13421144-k","153","115","3","1"
"862","18065628-4","153","115","3","1"
"1089","20703144-9","153","115","3","1"
"1370","10830089-0","153","115","3","1"
"1469","18963549-0","153","115","3","1"
"1656","13667876-1","153","115","3","1"
"2939","13603059-3","153","115","3","1"
"560","13138149-8","154","32","3","1"
"878","18882428-8","154","32","3","1"
"1091","11907362-2","154","32","3","1"
"2156","16895893-1","154","32","3","1"
"1107","8441542-7","155","46","1","2"
"1401","17442488-5","155","46","1","2"
"2762","10581922-6","155","46","1","2"
"3003","12373064-2","155","46","1","2"
"478","10945442-k","156","68","3","2"
"1853","20113042-4","157","59","4","2"
"2101","20226010-9","157","59","4","2"
"2467","10754194-8","157","59","4","2"
"2734","16895893-1","158","107","4","6"
"125","17660096-9","159","53","8","6"
"1077","15009284-4","160","66","6","7"
"2222","10175302-0","160","66","6","7"
"2652","9443932-4","160","66","6","7"
"305","14488058-6","161","28","6","2"
"894","17122728-2","161","28","6","2"
"1597","20873789-0","161","28","6","2"
"192","10646561-4","162","107","8","6"
"717","18228449-k","162","107","8","6"
"952","11943813-5","162","107","8","6"
"2647","18247213-3","162","107","8","6"
"144","16550359-1","163","76","9","2"
"1234","18288907-0","163","76","9","2"
"2214","17711142-1","163","76","9","2"
"2717","13856700-2","163","76","9","2"
"367","10462208-2","164","25","10","4"
"1183","20710689-5","164","25","10","4"
"1864","12562035-6","164","25","10","4"
"182","18115594-7","165","12","5","6"
"593","9286538-3","165","12","5","6"
"604","19184600-0","165","12","5","6"
"227","17280525-7","166","34","4","2"
"1575","13033426-2","166","34","4","2"
"2274","19184600-0","166","34","4","2"
"2788","18362451-1","166","34","4","2"
"310","19467057-0","167","101","1","2"
"1243","11846904-7","167","101","1","2"
"2272","18201436-4","167","101","1","2"
"2356","17511451-0","167","101","1","2"
"777","14084419-3","168","64","6","7"
"1399","11048591-7","168","64","6","7"
"1662","20888178-k","168","64","6","7"
"2346","12906102-7","168","64","6","7"
"2546","14768676-8","168","64","6","7"
"1409","9216496-2","169","65","6","6"
"360","16632628-2","170","21","8","1"
"737","13828326-k","170","21","8","1"
"1187","16593240-k","170","21","8","1"
"1447","20710689-5","170","21","8","1"
"1981","20949049-6","170","21","8","1"
"2839","19473500-2","170","21","8","1"
"17","10125184-2","171","94","2","2"
"41","10999391-6","171","94","2","2"
"1411","13921351-0","171","94","2","2"
"1518","18864795-0","171","94","2","2"
"2266","12690699-2","171","94","2","2"
"1683","19092277-7","172","83","6","7"
"349","17206394-k","173","31","12","1"
"500","14488058-6","173","31","12","1"
"753","11617022-8","173","31","12","1"
"1884","8184682-0","173","31","12","1"
"2282","15282892-2","173","31","12","1"
"2741","18119019-k","173","31","12","1"
"32","18065628-4","174","83","5","5"
"585","11522656-7","174","83","5","5"
"1075","13472983-4","174","83","5","5"
"1153","18288907-0","174","83","5","5"
"1155","12161292-9","175","26","6","7"
"1083","10444682-9","176","78","3","7"
"2088","16944184-0","176","78","3","7"
"2182","8571430-5","176","78","3","7"
"2934","10915947-6","176","78","3","7"
"797","15775046-3","177","72","3","6"
"1037","16047416-1","177","72","3","6"
"2688","11490785-4","177","72","3","6"
"1976","14953110-0","178","65","11","1"
"2364","17585173-4","178","65","11","1"
"2431","14439096-2","178","65","11","1"
"2449","20761160-4","178","65","11","1"
"634","11522656-7","179","25","1","5"
"1649","20650469-3","179","25","1","5"
"2434","13715843-9","179","25","1","5"
"2643","13559609-8","179","25","1","5"
"116","17372403-3","180","88","2","4"
"283","11700326-1","180","88","2","4"
"774","17654539-7","180","88","2","4"
"968","14145803-6","180","88","2","4"
"359","9914406-k","181","65","1","3"
"1224","19575731-6","181","65","1","3"
"1896","20211889-7","181","65","1","3"
"1973","16548211-3","181","65","1","3"
"2436","17490348-7","181","65","1","3"
"854","20129193-1","182","58","3","4"
"1910","19774171-6","182","58","3","4"
"2093","20424724-2","182","58","3","4"
"298","10646561-4","183","71","14","1"
"304","9995143-6","183","71","14","1"
"1302","10304805-0","183","71","14","1"
"2430","11756496-7","183","71","14","1"
"499","9962953-2","184","60","7","4"
"783","15164542-7","184","60","7","4"
"82","14290120-7","185","5","1","2"
"2609","8075594-k","185","5","1","2"
"1894","13559609-8","186","68","1","4"
"2305","20486586-5","186","68","1","4"
"2876","8179822-1","186","68","1","4"
"690","13051844-8","187","13","8","6"
"1861","17280525-7","187","13","8","6"
"2555","9443932-4","187","13","8","6"
"2986","20017419-6","188","73","2","2"
"323","11943813-5","189","104","1","7"
"1528","15009284-4","189","104","1","7"
"290","17548863-0","190","90","10","4"
"962","10947857-0","190","90","10","4"
"2604","10195028-0","190","90","10","4"
"85","15981330-2","191","98","1","1"
"162","18362451-1","191","98","1","1"
"979","12700058-5","191","98","1","1"
"1329","15165692-9","191","98","1","1"
"1442","19184600-0","191","98","1","1"
"1999","14770284-4","191","98","1","1"
"2963","14145803-6","191","98","1","1"
"171","12977668-4","192","88","2","1"
"933","18648095-5","192","88","2","1"
"1263","16969641-2","192","88","2","1"
"2283","13798388-0","192","88","2","1"
"508","8644759-7","193","103","10","1"
"1473","10108040-k","193","103","10","1"
"1536","9691445-8","193","103","10","1"
"1576","20392759-9","193","103","10","1"
"2948","18407045-3","193","103","10","1"
"13","20199876-5","195","59","7","6"
"92","14061309-k","195","59","7","6"
"665","14401608-5","195","59","7","6"
"1899","15633204-k","195","59","7","6"
"2055","9480303-3","195","59","7","6"
"2299","17109965-3","195","59","7","6"
"2435","9261119-6","195","59","7","6"
"556","8620394-k","196","82","8","1"
"811","11756496-7","196","82","8","1"
"1457","11836950-7","196","82","8","1"
"2247","8891180-4","196","82","8","1"
"2644","10125184-2","196","82","8","1"
"2978","18217122-7","196","82","8","1"
"240","16391008-3","197","4","3","7"
"308","11034471-3","197","4","3","7"
"1374","17626467-5","197","4","3","7"
"1865","17777198-7","197","4","3","7"
"2011","11454209-4","197","4","3","7"
"2296","10425256-0","197","4","3","7"
"2441","19204276-2","197","4","3","7"
"1487","17711142-1","198","10","7","1"
"2009","17800863-3","198","10","7","1"
"2406","20129193-1","198","10","7","1"
"994","9044598-1","199","76","3","7"
"1047","12086364-5","199","76","3","7"
"1186","20708637-2","199","76","3","7"
"1738","15671294-9","199","76","3","7"
"2135","8649952-8","199","76","3","7"
"1556","17711142-1","200","52","5","2"
"1541","9216496-2","202","42","2","5"
"2096","11702686-7","202","42","2","5"
"663","18217236-8","203","31","3","6"
"2807","14996634-7","203","31","3","6"
"1354","9828461-8","204","8","6","1"
"1611","15320255-5","204","8","6","1"
"930","9914406-k","205","90","9","4"
"1265","17490348-7","205","90","9","4"
"37","8926282-6","206","10","8","4"
"489","20392759-9","206","10","8","4"
"2438","11702686-7","206","10","8","4"
"624","20545932-4","207","116","9","2"
"2395","18516050-1","207","116","9","2"
"220","20309713-3","208","73","2","3"
"274","17654539-7","208","73","2","3"
"1237","9094474-3","208","73","2","3"
"2115","17654539-7","208","73","2","3"
"150","10425256-0","209","114","8","4"
"385","8184682-0","209","114","8","4"
"1166","14599165-7","209","114","8","4"
"1323","8237412-6","210","76","3","2"
"8","10667240-k","211","70","4","6"
"730","8560937-4","211","70","4","6"
"738","19417697-k","211","70","4","6"
"1668","19467057-0","211","70","4","6"
"2545","10939100-6","211","70","4","6"
"2614","10917145-6","211","70","4","6"
"1802","18631120-9","212","2","7","4"
"2121","15668385-1","212","2","7","4"
"2879","16895570-k","212","2","7","4"
"1432","14423549-4","213","105","2","3"
"379","12226775-0","214","60","2","7"
"1381","19670263-2","214","60","2","7"
"1993","16710780-9","214","60","2","7"
"2349","11578148-6","214","60","2","7"
"1434","11061492-2","215","77","4","4"
"1906","11894783-5","215","77","4","4"
"365","14770284-4","216","15","13","1"
"643","9829004-8","216","15","13","1"
"1024","8700222-4","216","15","13","1"
"1257","20573095-8","216","15","13","1"
"2627","16733473-6","216","15","13","1"
"187","20319057-9","217","80","5","6"
"510","11655553-0","217","80","5","6"
"2127","20199876-5","217","80","5","6"
"748","18474437-5","218","94","9","2"
"1286","20309713-3","218","94","9","2"
"1306","17851180-7","218","94","9","2"
"97","15633204-k","219","98","3","7"
"1747","8673706-8","219","98","3","7"
"271","8134000-3","220","92","2","3"
"471","10313654-k","220","92","2","3"
"282","12373064-2","221","18","7","7"
"473","11048591-7","221","18","7","7"
"1112","10888624-8","221","18","7","7"
"1456","19340427-2","221","18","7","7"
"86","11713289-4","222","66","3","7"
"1503","14016140-1","222","66","3","7"
"2557","12327502-7","222","66","3","7"
"297","10195028-0","223","88","3","4"
"1868","9130385-5","223","88","3","4"
"628","9955773-7","224","29","12","1"
"642","16491069-4","224","29","12","1"
"1005","14332169-k","224","29","12","1"
"1859","14276815-2","224","29","12","1"
"2712","10790424-1","224","29","12","1"
"453","15601732-1","225","70","3","6"
"487","9286538-3","225","70","3","6"
"837","17660096-9","225","70","3","6"
"1948","9085331-7","225","70","3","6"
"2324","13541770-5","225","70","3","6"
"2549","11713289-4","225","70","3","6"
"2674","8279987-1","225","70","3","6"
"1930","18963549-0","226","31","1","2"
"2027","20199876-5","226","31","1","2"
"2361","11810558-3","226","31","1","2"
"2799","16047416-1","226","31","1","2"
"1734","17063081-1","228","52","7","1"
"564","8863436-1","229","99","9","1"
"1030","15063139-3","229","99","9","1"
"1099","15601732-1","229","99","9","1"
"1725","15312308-8","229","99","9","1"
"3008","20401942-7","229","99","9","1"
"1483","13667876-1","230","100","9","4"
"2432","14348444-2","230","100","9","4"
"2518","10767560-9","230","100","9","4"
"2940","15682738-4","230","100","9","4"
"1534","11830357-4","231","60","9","1"
"1810","8073015-9","231","60","9","1"
"2560","9552104-1","231","60","9","1"
"2911","11292358-5","231","60","9","1"
"1628","16987731-k","232","44","1","2"
"2405","17352948-1","232","44","1","2"
"2854","19934401-3","232","44","1","2"
"1647","20332018-5","233","55","4","4"
"1991","10297836-4","233","55","4","4"
"2946","9055945-1","233","55","4","4"
"1078","16549557-k","234","25","4","3"
"1558","14810129-5","234","25","4","3"
"2837","19092277-7","234","25","4","3"
"1379","9054608-5","236","107","5","5"
"2466","20294955-1","236","107","5","5"
"2771","8097853-5","236","107","5","5"
"2878","14027767-0","236","107","5","5"
"233","12828180-2","237","82","10","2"
"1664","16435884-7","237","82","10","2"
"147","14487518-3","238","106","6","1"
"821","11617022-8","238","106","6","1"
"1419","10774675-3","238","106","6","1"
"2022","9613633-k","238","106","6","1"
"72","14341626-9","239","42","4","3"
"584","8369907-k","239","42","4","3"
"714","20708637-2","239","42","4","3"
"1433","10939100-6","239","42","4","3"
"2123","9094474-3","239","42","4","3"
"2204","20892590-3","239","42","4","3"
"620","14996634-7","240","101","4","6"
"1256","13138149-8","240","101","4","6"
"1589","17206394-k","240","101","4","6"
"1610","14749709-9","240","101","4","6"
"2648","10693941-0","240","101","4","6"
"2617","9266850-6","241","116","4","6"
"2398","17396524-6","242","117","1","7"
"1360","17817723-4","243","31","9","2"
"2058","12879017-0","243","31","9","2"
"1849","15707082-0","244","69","4","7"
"2046","9907200-1","244","69","4","7"
"2447","16550359-1","244","69","4","7"
"2683","17464763-7","244","69","4","7"
"178","12698243-9","245","87","7","7"
"1509","20573095-8","245","87","7","7"
"1692","14701782-6","245","87","7","7"
"2471","8114563-0","245","87","7","7"
"356","19774171-6","246","95","5","5"
"829","14084419-3","246","95","5","5"
"1268","18552186-0","246","95","5","5"
"1926","11907362-2","246","95","5","5"
"71","15181722-2","247","58","7","1"
"362","14701782-6","247","58","7","1"
"659","13715843-9","247","58","7","1"
"1922","14027767-0","247","58","7","1"
"2236","11336301-8","247","58","7","1"
"251","9085926-7","248","87","4","6"
"1019","17109965-3","248","87","4","6"
"2338","16326039-k","248","87","4","6"
"98","16171427-0","249","44","4","3"
"2492","8075594-k","249","44","4","3"
"2779","9443932-4","249","44","4","3"
"248","9937779-0","250","69","12","1"
"335","10992083-4","250","69","12","1"
"784","14947436-k","250","69","12","1"
"1035","17511451-0","250","69","12","1"
"1669","8685962-1","250","69","12","1"
"2249","14616063-6","250","69","12","1"
"2408","17482590-7","250","69","12","1"
"2496","8237412-6","250","69","12","1"
"2745","8147134-8","250","69","12","1"
"62","13253355-2","251","38","10","4"
"529","10441269-7","251","38","10","4"
"1170","17210477-3","251","38","10","4"
"1462","9965544-2","251","38","10","4"
"1761","15177835-k","251","38","10","4"
"2428","16564057-9","251","38","10","4"
"207","9995143-6","252","117","3","5"
"578","19934401-3","252","117","3","5"
"916","16636715-1","252","117","3","5"
"1441","18743719-5","252","117","3","5"
"1994","16843845-5","252","117","3","5"
"2298","14016140-1","252","117","3","5"
"476","19092277-7","253","79","7","4"
"2145","13605305-4","253","79","7","4"
"2179","14016140-1","253","79","7","4"
"352","13495835-8","254","112","7","7"
"688","18940276-3","254","112","7","7"
"834","12777311-7","254","112","7","7"
"874","10790424-1","254","112","7","7"
"1598","13253355-2","254","112","7","7"
"1945","14725048-7","254","112","7","7"
"2770","14337411-0","254","112","7","7"
"2958","9255049-1","254","112","7","7"
"1073","18636428-8","255","71","1","1"
"1079","16362599-2","255","71","1","1"
"1512","16823495-5","255","71","1","1"
"1770","11188506-k","255","71","1","1"
"2158","17851180-7","255","71","1","1"
"2446","17933811-5","255","71","1","1"
"156","11655553-0","256","82","7","1"
"1106","18631120-9","256","82","7","1"
"2626","8184407-6","256","82","7","1"
"3000","17442488-5","256","82","7","1"
"301","12226775-0","257","53","6","4"
"2059","17371250-5","257","53","6","4"
"715","14599488-k","258","68","3","7"
"1010","13667876-1","258","68","3","7"
"1325","8369907-k","258","68","3","7"
"1760","20392759-9","258","68","3","7"
"1800","20659036-2","258","68","3","7"
"2138","14770284-4","258","68","3","7"
"2245","16710780-9","258","68","3","7"
"816","20294955-1","259","68","4","4"
"2506","20226010-9","259","68","4","4"
"243","11428132-4","260","61","1","2"
"1708","11068671-k","260","61","1","2"
"2077","12086364-5","260","61","1","2"
"957","14061309-k","261","110","8","6"
"2295","11943813-5","261","110","8","6"
"2332","9130385-5","261","110","8","6"
"2368","9914406-k","261","110","8","6"
"574","14439096-2","262","47","4","3"
"2702","17352948-1","262","47","4","3"
"1814","11726357-3","263","94","2","1"
"2303","10064831-2","263","94","2","1"
"1835","16873584-0","264","11","10","4"
"2251","20309713-3","264","11","10","4"
"2426","16710780-9","264","11","10","4"
"1167","18474437-5","265","25","2","2"
"1431","17548863-0","265","25","2","2"
"306","14412228-k","266","69","11","1"
"594","20535525-0","266","69","11","1"
"984","11896298-8","266","69","11","1"
"1532","9459863-0","266","69","11","1"
"2455","8032534-9","266","69","11","1"
"2494","16171427-0","266","69","11","1"
"2076","11726357-3","267","73","1","4"
"2781","18516050-1","267","73","1","4"
"245","17978708-k","268","70","7","7"
"531","15601732-1","268","70","7","7"
"664","15395078-9","268","70","7","7"
"736","15681363-5","268","70","7","7"
"1533","17442488-5","268","70","7","7"
"1768","14061309-k","268","70","7","7"
"3004","17019466-4","269","12","7","7"
"65","14427648-k","270","99","3","3"
"798","16564057-9","270","99","3","3"
"1218","20441380-9","270","99","3","3"
"2865","14149723-3","270","99","3","3"
"1016","8073761-2","271","72","6","6"
"1944","18749851-9","271","72","6","6"
"2344","18317364-7","271","72","6","6"
"2483","11202355-8","271","72","6","6"
"2585","13765219-4","271","72","6","6"
"138","9445879-6","272","88","6","6"
"1294","14149723-3","272","88","6","6"
"2215","17175310-k","272","88","6","6"
"2525","14427648-k","272","88","6","6"
"2956","9136245-5","272","88","6","6"
"886","13828326-k","273","104","3","2"
"1463","18217122-7","273","104","3","2"
"1672","19335110-1","273","104","3","2"
"2359","9459863-0","273","104","3","2"
"2757","10727844-8","273","104","3","2"
"2763","19971970-1","273","104","3","2"
"1395","13114612-9","274","34","9","2"
"1493","11662701-5","274","34","9","2"
"2275","18648095-5","274","34","9","2"
"2759","17371250-5","274","34","9","2"
"2849","10693941-0","275","62","3","3"
"2959","17511451-0","275","62","3","3"
"902","16733473-6","276","72","7","4"
"2202","18450769-6","276","72","7","4"
"2915","12964476-k","276","72","7","4"
"94","20667927-9","277","44","5","2"
"1479","20038299-k","277","44","5","2"
"1516","8649952-8","277","44","5","2"
"1916","9060547-7","277","44","5","2"
"128","16089346-1","278","4","1","1"
"141","20064244-5","278","4","1","1"
"386","9255049-1","278","4","1","1"
"459","11522656-7","278","4","1","1"
"467","10108040-k","278","4","1","1"
"1020","9085331-7","278","4","1","1"
"1053","14335613-8","278","4","1","1"
"1642","20796416-9","278","4","1","1"
"1886","14084419-3","278","4","1","1"
"2423","20305893-5","278","4","1","1"
"153","14488058-6","279","88","6","4"
"491","11894783-5","279","88","6","4"
"1843","11810558-3","279","88","6","4"
"134","15320255-5","280","28","1","7"
"277","16047416-1","280","28","1","7"
"1629","14439096-2","280","28","1","7"
"1755","15227805-2","280","28","1","7"
"2973","10335401-2","280","28","1","7"
"803","9596955-7","282","74","2","5"
"969","8740225-6","282","74","2","5"
"1567","11522656-7","282","74","2","5"
"2172","14253634-7","282","74","2","5"
"2811","10297836-4","282","74","2","5"
"1436","14145803-6","283","92","4","3"
"1955","16843845-5","283","92","4","3"
"2258","14290120-7","283","92","4","3"
"1039","13921351-0","284","116","1","3"
"2385","17741706-1","284","116","1","3"
"518","19746460-9","285","29","13","1"
"830","18129935-1","285","29","13","1"
"1333","10064831-2","285","29","13","1"
"1887","15609542-8","285","29","13","1"
"876","11123018-7","286","92","8","4"
"917","9286538-3","286","92","8","4"
"1225","9085331-7","286","92","8","4"
"1226","18217236-8","286","92","8","4"
"31","14335613-8","287","87","2","1"
"872","8184682-0","287","87","2","1"
"1774","9216496-2","287","87","2","1"
"2572","20113042-4","287","87","2","1"
"22","20961534-8","288","84","5","2"
"377","19565542-5","288","84","5","2"
"923","19603331-0","288","84","5","2"
"1125","9965544-2","288","84","5","2"
"2845","17917980-6","288","84","5","2"
"781","9596955-7","289","81","5","2"
"955","10441269-7","290","66","8","1"
"1027","14033225-8","290","66","8","1"
"1943","19225627-2","290","66","8","1"
"1997","12562035-6","290","66","8","1"
"2335","15135343-0","290","66","8","1"
"117","9459863-0","291","79","13","1"
"196","12621014-3","291","79","13","1"
"1048","11907362-2","291","79","13","1"
"1377","18362451-1","291","79","13","1"
"1606","13176940-k","291","79","13","1"
"354","17978708-k","292","98","6","1"
"689","8065301-k","292","98","6","1"
"1578","12288787-1","292","98","6","1"
"154","14609900-6","293","56","3","3"
"2923","15706872-k","293","56","3","3"
"1343","17442488-5","294","90","3","6"
"1685","17917980-6","294","90","3","6"
"2330","13605305-4","294","90","3","6"
"1244","20294955-1","295","81","3","6"
"1617","13806504-0","295","81","3","6"
"1715","8237412-6","295","81","3","6"
"1822","13080141-3","295","81","3","6"
"1949","17329272-3","295","81","3","6"
"226","19193124-4","296","66","7","7"
"749","13822374-8","296","66","7","7"
"1085","13327869-1","296","66","7","7"
"1295","14599488-k","296","66","7","7"
"1356","15615214-9","296","66","7","7"
"1763","9085926-7","296","66","7","7"
"2002","15227805-2","296","66","7","7"
"2229","17933811-5","296","66","7","7"
"2900","9459863-0","296","66","7","7"
"644","15383944-0","297","80","8","1"
"2054","20401942-7","297","80","8","1"
"2910","9564504-k","297","80","8","1"
"2363","8032534-9","298","36","6","4"
"2722","20710689-5","298","36","6","4"
"705","17371250-5","299","52","4","2"
"742","13856700-2","299","52","4","2"
"867","19603331-0","299","52","4","2"
"1357","8073015-9","299","52","4","2"
"1857","17631731-6","299","52","4","2"
"2645","15404981-6","299","52","4","2"
"1192","11751504-6","300","83","12","1"
"1634","14253634-7","300","83","12","1"
"2796","15063139-3","300","83","12","1"
"2874","11123018-7","300","83","12","1"
"1613","9564504-k","301","60","3","2"
"1957","8128017-2","301","60","3","2"
"845","13822374-8","302","116","6","7"
"1622","11666789-9","302","116","6","7"
"2754","18098095-1","302","116","6","7"
"2772","20545932-4","302","116","6","7"
"1149","8000583-3","303","81","1","7"
"2884","18437929-9","303","81","1","7"
"3006","10715773-7","303","81","1","7"
"836","15887640-7","304","64","6","4"
"163","20888178-k","305","62","2","2"
"2515","13605305-4","305","62","2","2"
"586","19315065-7","306","12","10","2"
"2720","13781120-9","306","12","10","2"
"222","8649952-8","308","44","11","1"
"527","17785357-0","308","44","11","1"
"739","15738269-9","308","44","11","1"
"1242","12964476-k","308","44","11","1"
"1700","20573095-8","308","44","11","1"
"956","10428168-8","309","116","3","3"
"3002","13395070-4","309","116","3","3"
"334","8073015-9","310","55","8","4"
"651","14425090-8","310","55","8","4"
"2032","20299661-1","310","55","8","4"
"1184","15981330-2","311","57","8","4"
"2692","17371250-5","311","57","8","4"
"1780","15707082-0","312","19","2","1"
"1897","9044598-1","312","19","2","1"
"1947","17585173-4","312","19","2","1"
"2387","8234237-7","312","19","2","1"
"25","13921351-0","314","110","3","3"
"392","20338419-1","314","110","3","3"
"637","16167206-3","314","110","3","3"
"1654","13767180-8","314","110","3","3"
"15","15404981-6","315","99","5","5"
"996","18963549-0","315","99","5","5"
"1767","12161292-9","315","99","5","5"
"2655","20762457-k","315","99","5","5"
"2694","11685160-k","315","99","5","5"
"2969","8685962-1","315","99","5","5"
"118","19033204-3","316","82","1","4"
"1998","16089346-1","316","82","1","4"
"16","16900639-3","317","102","2","7"
"516","20888178-k","317","102","2","7"
"1538","14947436-k","317","102","2","7"
"885","17371250-5","318","106","3","3"
"971","8943136-3","318","106","3","3"
"105","11893748-7","319","90","8","1"
"337","15620003-7","319","90","8","1"
"454","12026162-1","319","90","8","1"
"914","18362451-1","319","90","8","1"
"1136","16494777-6","319","90","8","1"
"1275","11428132-4","319","90","8","1"
"1477","19156540-8","319","90","8","1"
"1956","17631731-6","319","90","8","1"
"2342","20319057-9","319","90","8","1"
"2646","19758685-7","319","90","8","1"
"1415","20486586-5","321","112","6","4"
"2343","14719222-4","321","112","6","4"
"759","18606698-6","322","59","2","3"
"948","15438523-2","322","59","2","3"
"1398","20254362-7","322","59","2","3"
"2635","18129935-1","322","59","2","3"
"2678","15165692-9","322","59","2","3"
"129","11292358-5","323","54","8","1"
"339","13667876-1","323","54","8","1"
"881","18077782-k","323","54","8","1"
"2081","16089346-1","323","54","8","1"
"2889","13253355-2","323","54","8","1"
"1239","8981754-7","324","56","9","4"
"1071","14488058-6","325","19","3","5"
"2421","8712056-2","325","19","3","5"
"2116","12690699-2","326","65","7","4"
"444","18606698-6","327","57","1","7"
"1227","11386599-3","327","57","1","7"
"2098","9085331-7","327","57","1","7"
"93","9828461-8","328","55","2","1"
"461","13176940-k","328","55","2","1"
"1013","18882428-8","328","55","2","1"
"2761","15181722-2","328","55","2","1"
"197","15681363-5","329","116","7","7"
"911","8097853-5","329","116","7","7"
"1272","16604405-0","329","116","7","7"
"616","11947826-6","330","74","6","4"
"2026","10667240-k","330","74","6","4"
"7","14864252-0","331","67","10","2"
"480","13798388-0","331","67","10","2"
"1100","10175302-0","331","67","10","2"
"2207","8740225-6","331","67","10","2"
"2938","9984013-9","331","67","10","2"
"1572","14609900-6","332","52","6","1"
"2668","11007082-7","332","52","6","1"
"2937","14149723-3","332","52","6","1"
"216","18636428-8","333","2","8","6"
"2216","11034471-3","333","2","8","6"
"2302","9063641-3","333","2","8","6"
"2037","10939100-6","334","95","9","4"
"2311","10444682-9","334","95","9","4"
"2318","8620394-k","334","95","9","4"
"877","12026162-1","335","73","6","4"
"1695","10947857-0","335","73","6","4"
"26","15981330-2","336","34","3","6"
"1021","12373064-2","336","34","3","6"
"1330","10581922-6","336","34","3","6"
"2731","11702686-7","336","34","3","6"
"10","10888624-8","338","38","6","1"
"244","20949049-6","338","38","6","1"
"554","17363606-8","338","38","6","1"
"1719","19971970-1","338","38","6","1"
"2474","13806504-0","338","38","6","1"
"2542","12226775-0","338","38","6","1"
"2707","15216115-k","338","38","6","1"
"2913","15383944-0","338","38","6","1"
"989","14348444-2","339","101","7","4"
"1491","19467057-0","339","101","7","4"
"627","8863436-1","340","2","2","4"
"839","9130385-5","340","2","2","4"
"1501","20085358-6","340","2","2","4"
"2140","20085358-6","340","2","2","4"
"2497","16873584-0","340","2","2","4"
"2740","17494047-6","340","2","2","4"
"581","11893748-7","341","82","2","4"
"1582","14810129-5","342","58","6","2"
"1696","18228449-k","342","58","6","2"
"1744","14969971-1","342","58","6","2"
"2007","12460133-7","342","58","6","2"
"1034","13177183-6","343","18","11","1"
"1320","13697469-8","343","18","11","1"
"1600","16873584-0","343","18","11","1"
"2205","17122728-2","343","18","11","1"
"424","9937779-0","344","28","9","1"
"1070","9201513-6","344","28","9","1"
"201","10947857-0","345","95","5","4"
"2018","11203862-k","345","95","5","4"
"2297","12776718-2","345","95","5","4"
"1790","13767180-8","346","82","8","4"
"2708","20058796-1","346","82","8","4"
"1417","8826989-2","348","76","10","4"
"1855","13559609-8","348","76","10","4"
"2634","15520049-k","348","76","10","4"
"2861","16047416-1","348","76","10","4"
"206","10917145-6","349","67","9","1"
"469","12086364-5","349","67","9","1"
"1116","14439096-2","349","67","9","1"
"1638","11048683-5","349","67","9","1"
"2016","16267009-9","349","67","9","1"
"2520","20338419-1","349","67","9","1"
"2793","17109965-3","349","67","9","1"
"2897","12779727-2","349","67","9","1"
"1341","14625618-9","350","73","3","4"
"1093","14016140-1","351","2","1","4"
"2358","15681363-5","351","2","1","4"
"1011","11352923-2","352","18","3","7"
"1809","17878980-0","352","18","3","7"
"2587","17978698-2","352","18","3","7"
"605","10459593-0","353","66","6","2"
"204","17482590-7","354","57","1","3"
"734","12690699-2","355","56","5","2"
"855","11685160-k","355","56","5","2"
"1727","16550359-1","356","5","10","2"
"2570","14145803-6","356","5","10","2"
"19","19315065-7","357","36","4","6"
"1022","16494777-6","357","36","4","6"
"1205","18474437-5","357","36","4","6"
"88","14719222-4","358","98","4","6"
"400","18740684-8","358","98","4","6"
"922","10313654-k","358","98","4","6"
"1126","17461264-7","358","98","4","6"
"1703","9596955-7","358","98","4","6"
"629","20163212-7","359","101","5","4"
"650","13806504-0","360","64","1","7"
"640","19204276-2","361","117","6","4"
"1176","15620003-7","361","117","6","4"
"2072","20199876-5","361","117","6","4"
"127","20085358-6","362","73","8","6"
"1980","15098138-5","362","73","8","6"
"2261","13675642-2","362","73","8","6"
"492","11454209-4","363","95","2","4"
"718","13644034-0","363","95","2","4"
"938","10917145-6","363","95","2","4"
"1262","9965544-2","363","95","2","4"
"2340","11830357-4","363","95","2","4"
"528","16843845-5","364","87","8","4"
"1472","17631731-6","364","87","8","4"
"143","13765219-4","365","117","9","4"
"2133","14947436-k","365","117","9","4"
"2255","16302450-4","365","117","9","4"
"2813","17442488-5","365","117","9","4"
"1396","16171427-0","366","94","2","5"
"254","16518283-8","367","44","3","2"
"1376","16086056-k","367","44","3","2"
"2843","16267009-9","367","44","3","2"
"1932","14427648-k","368","100","7","6"
"2394","18299515-4","368","100","7","6"
"183","9828461-8","369","31","6","1"
"546","11896298-8","369","31","6","1"
"1202","14724071-3","369","31","6","1"
"1460","10605365-3","369","31","6","1"
"1826","11148305-4","369","31","6","1"
"2764","16362599-2","369","31","6","1"
"1824","9443932-4","370","112","8","4"
"2840","10790424-1","370","112","8","4"
"970","9055945-1","371","103","3","3"
"1267","14556123-k","371","103","3","3"
"2882","19366069-2","371","103","3","3"
"2887","10175302-0","371","103","3","3"
"210","17352948-1","372","5","12","1"
"1040","20819150-8","372","5","12","1"
"1830","15887640-7","372","5","12","1"
"2625","11896298-8","372","5","12","1"
"2747","17280525-7","372","5","12","1"
"366","15581031-8","373","69","1","7"
"381","13667876-1","373","69","1","7"
"522","14524782-6","373","69","1","7"
"859","19746460-9","373","69","1","7"
"1282","9907200-1","373","69","1","7"
"1307","13765219-4","373","69","1","7"
"2126","18407045-3","373","69","1","7"
"2461","19486455-7","373","69","1","7"
"2792","20299661-1","373","69","1","7"
"2867","8943136-3","373","69","1","7"
"255","8700222-4","374","26","7","7"
"384","9528123-5","374","26","7","7"
"1452","18734319-0","374","26","7","7"
"1818","20294955-1","374","26","7","7"
"2125","16155973-3","374","26","7","7"
"2224","18288907-0","374","26","7","7"
"2485","11902049-k","374","26","7","7"
"2540","10727844-8","374","26","7","7"
"2579","16846561-4","374","26","7","7"
"1559","12484992-8","375","19","4","4"
"1941","15044895-3","375","19","4","4"
"2541","20319057-9","375","19","4","4"
"2613","18864795-0","375","19","4","4"
"430","20064244-5","376","59","10","1"
"903","16632628-2","376","59","10","1"
"1114","9552104-1","376","59","10","1"
"1168","12373064-2","376","59","10","1"
"2106","18119019-k","376","59","10","1"
"2805","10754194-8","377","52","6","6"
"309","16871053-k","379","82","1","7"
"598","18630809-0","379","82","1","7"
"2184","16728871-1","379","82","1","7"
"1143","20226010-9","380","110","4","4"
"793","14810129-5","381","70","5","5"
"1513","16900639-3","381","70","5","5"
"1903","18636428-8","381","70","5","5"
"242","18474437-5","382","13","8","1"
"250","9828461-8","382","13","8","1"
"667","15601732-1","382","13","8","1"
"800","20961534-8","382","13","8","1"
"1697","17363606-8","382","13","8","1"
"2852","17230815-1","382","13","8","1"
"302","19859239-6","383","84","9","1"
"731","15671294-9","384","5","7","1"
"838","18864795-0","384","5","7","1"
"1161","13867565-2","384","5","7","1"
"1866","15165692-9","384","5","7","1"
"1986","10064831-2","384","5","7","1"
"2873","20659036-2","384","5","7","1"
"888","10939100-6","385","80","3","3"
"1543","19174079-1","385","80","3","3"
"1565","14599488-k","385","80","3","3"
"2815","11011210-1","385","80","3","3"
"258","12906102-7","386","99","3","4"
"608","12877558-6","387","69","4","2"
"1449","12885989-2","387","69","4","2"
"2831","8147134-8","387","69","4","2"
"411","14145803-6","388","7","4","4"
"1322","19603331-0","388","7","4","4"
"39","10459593-0","389","112","1","4"
"456","10064831-2","389","112","1","4"
"915","11966213-6","390","82","7","6"
"1216","19575731-6","390","82","7","6"
"1423","10631083-4","390","82","7","6"
"2325","14556123-k","390","82","7","6"
"1327","9085926-7","391","81","7","6"
"2901","14919705-6","391","81","7","6"
"2933","15682738-4","391","81","7","6"
"327","20294955-1","392","99","8","1"
"358","17372403-3","392","99","8","1"
"698","9044598-1","392","99","8","1"
"756","8369907-k","392","99","8","1"
"972","14995351-5","392","99","8","1"
"1076","10913321-4","392","99","8","1"
"1281","19552856-3","392","99","8","1"
"1526","8032534-9","392","99","8","1"
"2327","18201436-4","392","99","8","1"
"2822","8644759-7","392","99","8","1"
"1666","12779727-2","393","38","1","3"
"1679","15181722-2","393","38","1","3"
"1872","16518283-8","394","13","3","2"
"991","11007082-7","395","71","9","2"
"1023","15682738-4","395","71","9","2"
"1163","15520049-k","395","71","9","2"
"1475","11203862-k","395","71","9","2"
"2042","16846561-4","395","71","9","2"
"2066","18247213-3","395","71","9","2"
"2070","17122728-2","395","71","9","2"
"2413","8075594-k","395","71","9","2"
"2718","17230815-1","395","71","9","2"
"477","11947826-6","396","21","7","7"
"924","18626693-2","396","21","7","7"
"1249","16846561-4","396","21","7","7"
"1446","19473500-2","396","21","7","7"
"2153","13828326-k","396","21","7","7"
"980","14149723-3","397","42","1","4"
"1644","8032534-9","397","42","1","4"
"582","10348169-5","398","106","5","6"
"389","8981754-7","399","72","2","2"
"1090","8981754-7","399","72","2","2"
"1240","16171427-0","399","72","2","2"
"1284","13327869-1","399","72","2","2"
"2112","14701782-6","399","72","2","2"
"2992","13605305-4","399","72","2","2"
"779","19758685-7","400","105","6","1"
"1298","8000583-3","400","105","6","1"
"2120","17175310-k","400","105","6","1"
"2230","17660096-9","400","105","6","1"
"2365","14300378-8","400","105","6","1"
"2802","13736347-9","400","105","6","1"
"235","17219279-2","401","76","3","6"
"1677","12879017-0","401","76","3","6"
"2366","14145803-6","401","76","3","6"
"2820","11700326-1","401","76","3","6"
"2941","19417697-k","401","76","3","6"
"699","19675443-k","402","57","1","4"
"215","8075594-k","403","61","5","6"
"822","13177183-6","403","61","5","6"
"263","10627199-5","404","73","6","2"
"535","12026162-1","404","73","6","2"
"1710","16895893-1","404","73","6","2"
"1984","10727844-8","404","73","6","2"
"2582","15165692-9","404","73","6","2"
"191","17461264-7","406","25","10","2"
"2105","17219279-2","406","25","10","2"
"2598","13635774-5","406","25","10","2"
"481","15866308-9","407","18","9","4"
"160","13603059-3","408","71","8","6"
"322","19033204-3","408","71","8","6"
"2199","10574225-1","408","71","8","6"
"805","20085358-6","409","36","3","7"
"1657","8943136-3","409","36","3","7"
"2460","13605305-4","409","36","3","7"
"2563","9443932-4","409","36","3","7"
"2945","8073015-9","409","36","3","7"
"35","13603059-3","410","90","12","1"
"460","17040350-6","410","90","12","1"
"505","14599488-k","410","90","12","1"
"857","12026162-1","410","90","12","1"
"1920","10600584-6","410","90","12","1"
"1017","19259002-8","411","69","1","4"
"2995","17654539-7","411","69","1","4"
"81","20305893-5","412","57","5","6"
"307","9552104-1","413","102","6","6"
"403","16639599-3","413","102","6","6"
"435","13765219-4","413","102","6","6"
"707","9286538-3","413","102","6","6"
"1061","20163212-7","413","102","6","6"
"2489","15061698-8","413","102","6","6"
"512","9459863-0","414","60","6","6"
"1709","18866491-0","414","60","6","6"
"1914","11655553-0","414","60","6","6"
"2624","13495835-8","414","60","6","6"
"2950","14556123-k","414","60","6","6"
"861","10798961-2","415","78","2","7"
"1308","10999391-6","415","78","2","7"
"1448","16550359-1","415","78","2","7"
"1616","18474437-5","415","78","2","7"
"2380","9255049-1","415","78","2","7"
"2523","16677394-1","415","78","2","7"
"2835","20309713-3","415","78","2","7"
"2926","13327869-1","417","63","5","2"
"3","15122887-5","418","114","3","2"
"557","16326039-k","418","114","3","2"
"1124","14609900-6","418","114","3","2"
"1614","10600584-6","418","114","3","2"
"2239","19340427-2","418","114","3","2"
"2393","8369907-k","418","114","3","2"
"2415","20892590-3","418","114","3","2"
"1137","17019466-4","419","74","5","6"
"1214","12294463-4","419","74","5","6"
"172","19252941-5","420","42","10","4"
"1714","16895570-k","421","70","10","2"
"1154","11499588-0","422","80","6","1"
"1292","17040350-6","422","80","6","1"
"1397","10917145-6","422","80","6","1"
"2362","17442488-5","422","80","6","1"
"2404","11685160-k","422","80","6","1"
"2962","17363606-8","422","80","6","1"
"259","17631731-6","423","105","6","4"
"595","20319057-9","423","105","6","4"
"865","18201436-4","423","105","6","4"
"1639","12828180-2","423","105","6","4"
"139","20473342-1","424","36","13","1"
"1069","13607666-0","424","36","13","1"
"1349","18626693-2","424","36","13","1"
"1665","20873789-0","424","36","13","1"
"2191","14439096-2","424","36","13","1"
"897","10425256-0","425","42","3","7"
"1250","12877558-6","425","42","3","7"
"1348","9984013-9","425","42","3","7"
"1904","9063641-3","425","42","3","7"
"2638","11713289-4","425","42","3","7"
"2919","19603331-0","425","42","3","7"
"1946","8891180-4","426","47","10","4"
"1968","17661672-0","426","47","10","4"
"2753","18753000-6","426","47","10","4"
"1631","11336301-8","427","13","1","5"
"2287","17494047-6","429","103","3","5"
"2621","10992083-4","429","103","3","5"
"2983","12779727-2","430","106","1","2"
"84","16549557-k","431","66","9","1"
"1229","13595142-k","431","66","9","1"
"1858","20309713-3","431","66","9","1"
"2470","17442488-5","431","66","9","1"
"713","14061309-k","432","64","8","1"
"850","11893748-7","432","64","8","1"
"1414","16846561-4","432","64","8","1"
"1658","8700222-4","432","64","8","1"
"2036","9829004-8","432","64","8","1"
"2559","20659036-2","432","64","8","1"
"2575","9136245-5","432","64","8","1"
"2898","15918301-2","432","64","8","1"
"1","17019466-4","433","42","5","6"
"180","18077782-k","433","42","5","6"
"1135","16155973-3","433","42","5","6"
"1299","13495835-8","433","42","5","6"
"2803","15633204-k","433","42","5","6"
"1266","14810129-5","434","62","1","1"
"2571","15404981-6","434","62","1","1"
"2574","16843845-5","434","62","1","1"
"708","11655553-0","435","101","4","4"
"1581","18943805-7","435","101","4","4"
"1413","12977668-4","436","5","9","2"
"2201","16130198-2","436","5","9","2"
"2397","17210477-3","436","5","9","2"
"2826","8322641-9","436","5","9","2"
"1182","20486586-5","437","63","1","3"
"1418","12562035-6","437","63","1","3"
"2448","12161292-9","437","63","1","3"
"769","14425090-8","438","69","4","3"
"2464","11123018-7","438","69","4","3"
"2715","18288907-0","438","69","4","3"
"1233","16089346-1","439","75","3","4"
"1847","10693941-0","439","75","3","4"
"2885","15177835-k","439","75","3","4"
"2517","14027767-0","440","13","3","3"
"763","20058796-1","441","98","5","2"
"999","15918301-2","441","98","5","2"
"1264","13822374-8","441","98","5","2"
"2279","14719222-4","441","98","5","2"
"2532","16267009-9","441","98","5","2"
"6","20708637-2","442","47","8","1"
"101","11007082-7","442","47","8","1"
"341","13615018-5","442","47","8","1"
"1160","11227028-5","442","47","8","1"
"1296","11665981-8","442","47","8","1"
"2642","8073015-9","442","47","8","1"
"433","20892590-3","443","106","1","1"
"1312","18630809-0","443","106","1","1"
"1361","10727844-8","443","106","1","1"
"1484","17851180-7","443","106","1","1"
"2178","10767560-9","443","106","1","1"
"2437","19140605-6","443","106","1","1"
"2724","12161292-9","443","106","1","1"
"1422","11666789-9","444","56","3","6"
"1990","12226775-0","444","56","3","6"
"1260","15605839-1","445","76","1","4"
"1527","14556123-k","445","76","1","4"
"2183","12879017-0","445","76","1","4"
"218","16895893-1","447","54","8","6"
"404","15061698-8","447","54","8","6"
"833","14105296-k","447","54","8","6"
"2403","10915947-6","447","54","8","6"
"2713","14917247-7","447","54","8","6"
"1870","8322641-9","448","99","14","1"
"2197","17227305-k","448","99","14","1"
"2967","10646561-4","449","105","8","4"
"1185","12288787-1","450","12","13","1"
"1630","10175302-0","450","12","13","1"
"2226","8681925-k","450","12","13","1"
"1180","9094474-3","451","59","3","2"
"2768","16728871-1","451","59","3","2"
"875","9040082-8","452","83","3","6"
"1270","16171427-0","452","83","3","6"
"1366","14033225-8","452","83","3","6"
"1680","8891180-4","452","83","3","6"
"2676","10686854-8","452","83","3","6"
"364","10798961-2","453","101","5","2"
"2597","8234237-7","453","101","5","2"
"321","17917980-6","454","21","2","3"
"898","14553164-2","454","21","2","3"
"3013","14725048-7","454","21","2","3"
"315","20892590-3","455","38","11","1"
"539","10939100-6","455","38","11","1"
"1495","10945442-k","455","38","11","1"
"1798","18648095-5","455","38","11","1"
"2028","10428168-8","455","38","11","1"
"2871","8073015-9","455","38","11","1"
"114","16677394-1","456","116","3","7"
"1895","11947826-6","456","116","3","7"
"2369","15682738-4","456","116","3","7"
"2501","15383944-0","456","116","3","7"
"2714","14171726-6","456","116","3","7"
"2914","13138149-8","456","116","3","7"
"2974","20294955-1","456","116","3","7"
"656","18740684-8","457","88","4","6"
"2218","8073015-9","457","88","4","6"
"391","14487518-3","458","80","2","7"
"846","18324513-2","458","80","2","7"
"1318","12977668-4","458","80","2","7"
"1405","9060547-7","458","80","2","7"
"2268","19255050-9","458","80","2","7"
"2410","14553164-2","458","80","2","7"
"58","13176940-k","459","61","8","6"
"370","17917980-6","459","61","8","6"
"506","13386466-k","459","61","8","6"
"831","15164542-7","459","61","8","6"
"1641","15044895-3","459","61","8","6"
"2782","8986755-6","459","61","8","6"
"832","9445879-6","460","75","4","7"
"1437","8234237-7","460","75","4","7"
"1498","13395070-4","460","75","4","7"
"1937","18065628-4","460","75","4","7"
"2043","16267009-9","460","75","4","7"
"2196","10686854-8","460","75","4","7"
"2211","19417697-k","460","75","4","7"
"2656","9828461-8","460","75","4","7"
"2960","11966213-6","460","75","4","7"
"418","15320255-5","461","83","3","7"
"684","9955773-7","461","83","3","7"
"879","18753000-6","461","83","3","7"
"1400","15227805-2","461","83","3","7"
"2240","16728871-1","461","83","3","7"
"607","16362599-2","462","107","1","5"
"1206","17711142-1","462","107","1","5"
"2212","19575731-6","462","107","1","5"
"493","11227028-5","463","102","6","4"
"47","15165692-9","464","62","5","2"
"1139","19774171-6","464","62","5","2"
"2280","18740684-8","464","62","5","2"
"2600","10667240-k","464","62","5","2"
"2976","18963549-0","464","62","5","2"
"24","9596955-7","465","46","10","1"
"1420","17661672-0","465","46","10","1"
"1353","13828326-k","466","82","5","6"
"1392","13615018-5","466","82","5","6"
"1585","10335401-2","466","82","5","6"
"2301","17303307-9","466","82","5","6"
"2672","10766762-5","466","82","5","6"
"2810","10987100-k","466","82","5","6"
"23","10425256-0","467","8","1","1"
"900","13087068-8","467","8","1","1"
"993","10670426-k","467","8","1","1"
"1031","18898465-k","467","8","1","1"
"1607","20877712-9","467","8","1","1"
"2453","14290120-7","467","8","1","1"
"2499","15485703-6","467","8","1","1"
"1144","9575995-k","468","40","8","1"
"1635","10425256-0","468","40","8","1"
"1741","17019466-4","468","40","8","1"
"2319","17371250-5","468","40","8","1"
"2812","8279987-1","468","40","8","1"
"2918","12934558-4","468","40","8","1"
"2999","12373064-2","468","40","8","1"
"423","14917247-7","469","66","7","6"
"988","18940276-3","469","66","7","6"
"135","13765219-4","470","61","14","1"
"474","19774171-6","470","61","14","1"
"997","15037830-6","470","61","14","1"
"1359","16728871-1","470","61","14","1"
"1488","10888624-8","470","61","14","1"
"1773","11756496-7","470","61","14","1"
"189","11490785-4","471","80","14","1"
"228","16987731-k","471","80","14","1"
"437","15668385-1","471","80","14","1"
"1288","20877712-9","471","80","14","1"
"1331","18626693-2","471","80","14","1"
"1426","16362599-2","471","80","14","1"
"2164","13176940-k","471","80","14","1"
"149","11188506-k","472","114","11","1"
"393","12086364-5","472","114","11","1"
"2160","18317364-7","472","114","11","1"
"2442","12288787-1","472","114","11","1"
"2504","19117513-4","472","114","11","1"
"2851","16549557-k","472","114","11","1"
"2051","9216496-2","473","83","7","6"
"2092","16636715-1","473","83","7","6"
"30","15707082-0","474","44","2","5"
"712","20659036-2","474","44","2","5"
"890","12690699-2","474","44","2","5"
"1067","18119019-k","474","44","2","5"
"1159","9914406-k","474","44","2","5"
"1174","20961534-8","474","44","2","5"
"2044","11756496-7","474","44","2","5"
"369","14027767-0","475","112","5","2"
"596","9480303-3","475","112","5","2"
"1086","14171726-6","475","112","5","2"
"1890","16895893-1","475","112","5","2"
"1891","15601732-1","475","112","5","2"
"2507","11902049-k","475","112","5","2"
"482","20226010-9","476","2","7","7"
"1510","12700058-5","476","2","7","7"
"1863","10727844-8","476","2","7","7"
"2144","8891180-4","477","55","1","3"
"2880","9719816-2","477","55","1","3"
"49","13667876-1","478","4","8","1"
"599","14487518-3","478","4","8","1"
"947","8673706-8","478","4","8","1"
"1547","11894783-5","478","4","8","1"
"2014","15485703-6","478","4","8","1"
"1104","17901282-5","479","95","4","4"
"1939","11034471-3","479","95","4","4"
"2603","20888178-k","479","95","4","4"
"761","13767180-8","480","46","7","7"
"1645","14427648-k","480","46","7","7"
"559","13114612-9","481","18","1","5"
"1317","19252941-5","481","18","1","5"
"1902","11292358-5","481","18","1","5"
"281","8981754-7","482","7","5","5"
"887","20064244-5","482","7","5","5"
"1201","20762457-k","482","7","5","5"
"1799","19193124-4","482","7","5","5"
"2073","16240288-k","482","7","5","5"
"2304","20319057-9","482","7","5","5"
"2848","19467057-0","482","7","5","5"
"2853","17230815-1","482","7","5","5"
"3005","12373064-2","482","7","5","5"
"959","12373064-2","484","78","6","2"
"2084","19565542-5","485","101","1","3"
"2605","18740684-8","485","101","1","3"
"2909","13798388-0","486","102","7","4"
"361","17933811-5","487","87","3","4"
"958","16086056-k","488","69","5","6"
"1367","19156540-8","488","69","5","6"
"1583","16873584-0","488","69","5","6"
"1691","16987731-k","488","69","5","6"
"2595","10274120-1","488","69","5","6"
"702","19355543-6","489","15","6","1"
"2020","11386599-3","489","15","6","1"
"2071","18437929-9","489","15","6","1"
"2375","16653880-4","489","15","6","1"
"1340","15887640-7","491","78","8","1"
"706","13158500-6","493","99","7","6"
"109","11781936-9","495","57","2","5"
"835","15227805-2","495","57","2","5"
"2383","12216436-8","495","57","2","5"
"402","10459593-0","496","21","6","7"
"449","13595142-k","496","21","6","7"
"983","10945442-k","496","21","6","7"
"1808","11756496-7","496","21","6","7"
"2670","20650469-3","496","21","6","7"
"313","9682633-8","497","80","9","4"
"2154","8075594-k","497","80","9","4"
"2185","8644759-7","497","80","9","4"
"2662","18407045-3","497","80","9","4"
"1303","13607666-0","498","29","4","3"
"1777","14725048-7","498","29","4","3"
"442","14947436-k","500","10","3","7"
"2292","12086364-5","500","10","3","7"
"2856","9937779-0","500","10","3","7"
"2928","13472983-4","500","10","3","7"
"1471","9085926-7","501","5","2","4"
"1867","13635774-5","501","5","2","4"
"1951","19092277-7","501","5","2","4"
"1057","17206394-k","502","68","8","4"
"494","20762457-k","503","117","3","6"
"1110","12635560-3","503","117","3","6"
"1208","11830357-4","503","117","3","6"
"2320","9286538-3","503","117","3","6"
"2513","10175302-0","503","117","3","6"
"103","9564504-k","504","61","2","1"
"158","9216496-2","504","61","2","1"
"363","11810558-3","504","61","2","1"
"371","17230815-1","504","61","2","1"
"591","10125184-2","504","61","2","1"
"654","11558474-8","504","61","2","1"
"1408","14332941-7","504","61","2","1"
"1889","14488058-6","504","61","2","1"
"1952","20085358-6","504","61","2","1"
"2409","9480303-3","504","61","2","1"
"2970","14149723-3","504","61","2","1"
"602","19934401-3","505","110","2","1"
"1189","13798388-0","505","110","2","1"
"1251","17878980-0","505","110","2","1"
"1848","16549557-k","505","110","2","1"
"2658","15979046-4","505","110","2","1"
"2864","9613633-k","505","110","2","1"
"213","9255049-1","506","46","11","1"
"265","13676803-6","506","46","11","1"
"326","19582328-2","506","46","11","1"
"409","18299515-4","506","46","11","1"
"490","16240288-k","506","46","11","1"
"2005","20535525-0","506","46","11","1"
"2951","13917978-3","506","46","11","1"
"1445","17371250-5","507","101","12","1"
"372","15796743-5","508","54","11","1"
"906","15404981-6","508","54","11","1"
"1345","20085358-6","508","54","11","1"
"2134","12635560-3","508","54","11","1"
"2787","16632628-2","508","54","11","1"
"96","12964476-k","509","7","7","4"
"375","16604405-0","509","7","7","4"
"2307","16636715-1","509","7","7","4"
"145","19255050-9","510","5","6","1"
"186","10667240-k","510","5","6","1"
"260","15216115-k","510","5","6","1"
"1539","19092277-7","510","5","6","1"
"1586","16009131-2","510","5","6","1"
"2894","13615018-5","510","5","6","1"
"221","9055945-1","511","25","9","2"
"723","11061492-2","511","25","9","2"
"2994","15638885-2","511","25","9","2"
"638","19340427-2","512","10","3","6"
"2686","13114612-9","512","10","3","6"
"120","15918301-2","513","77","4","7"
"2451","20305893-5","513","77","4","7"
"278","17219279-2","514","52","8","6"
"625","20667927-9","514","52","8","6"
"2640","19552856-3","514","52","8","6"
"1151","17122728-2","515","60","7","7"
"2176","13867565-2","515","60","7","7"
"2206","13176940-k","515","60","7","7"
"2400","11188506-k","515","60","7","7"
"2246","8097853-5","516","95","1","3"
"272","10428168-8","517","102","7","1"
"514","15796743-5","518","47","14","1"
"1595","10462208-2","518","47","14","1"
"1876","19174079-1","518","47","14","1"
"2103","18317364-7","518","47","14","1"
"2151","20659036-2","518","47","14","1"
"1105","14953110-0","519","99","8","6"
"2419","9443932-4","519","99","8","6"
"2804","20873789-0","519","99","8","6"
"168","13253355-2","520","40","9","1"
"525","15438523-2","520","40","9","1"
"2008","14609900-6","520","40","9","1"
"2056","17878980-0","520","40","9","1"
"721","17705078-1","521","88","5","6"
"770","18324513-2","521","88","5","6"
"2558","14599488-k","521","88","5","6"
"2637","8571430-5","521","88","5","6"
"2836","10727844-8","521","88","5","6"
"64","9044598-1","522","15","3","7"
"257","18299515-4","522","15","3","7"
"419","20163212-7","522","15","3","7"
"694","16171427-0","522","15","3","7"
"729","19675443-k","522","15","3","7"
"1134","14488058-6","522","15","3","7"
"2159","14919705-6","522","15","3","7"
"2263","14300378-8","522","15","3","7"
"2944","12224854-7","522","15","3","7"
"828","10459593-0","523","103","10","4"
"1228","19554510-1","523","103","10","4"
"1950","11203862-k","523","103","10","4"
"2868","15083138-3","523","103","10","4"
"1252","14027767-0","524","12","9","1"
"1592","9060547-7","524","12","9","1"
"2294","12777311-7","524","12","9","1"
"2530","15887640-7","524","12","9","1"
"2675","14284377-k","524","12","9","1"
"161","11369817-0","525","90","10","2"
"1045","12611884-7","525","90","10","2"
"2322","13386466-k","525","90","10","2"
"2904","10605365-3","525","90","10","2"
"3012","19156540-8","525","90","10","2"
"113","9060547-7","526","25","1","7"
"841","13856700-2","526","25","1","7"
"1723","14524782-6","526","25","1","7"
"413","16944184-0","527","107","2","2"
"904","16518283-8","527","107","2","2"
"1199","9286538-3","527","107","2","2"
"2379","20819150-8","527","107","2","2"
"2657","10574225-1","527","107","2","2"
"2920","18217236-8","527","107","2","2"
"252","19366069-2","529","76","1","5"
"396","14439096-2","529","76","1","5"
"2173","11034471-3","529","76","1","5"
"2300","12828180-2","529","76","1","5"
"2569","14298983-4","529","76","1","5"
"2632","16873584-0","529","76","1","5"
"1028","17396524-6","530","92","4","6"
"2079","9997220-5","530","92","4","6"
"1092","11522656-7","531","75","2","2"
"1223","19363861-8","531","75","2","2"
"2862","12327502-7","531","75","2","2"
"397","16728871-1","532","55","10","2"
"1326","9719816-2","532","55","10","2"
"1731","10425256-0","532","55","10","2"
"1632","18217122-7","533","107","9","1"
"2137","9829004-8","533","107","9","1"
"2401","20796416-9","533","107","9","1"
"2925","14276815-2","533","107","9","1"
"57","15633204-k","534","81","9","4"
"1157","20796416-9","534","81","9","4"
"2784","15520049-k","535","87","5","6"
"728","9293347-5","536","28","4","7"
"1102","14171726-6","536","28","4","7"
"1138","20017419-6","536","28","4","7"
"1148","15863818-8","536","28","4","7"
"1179","10767560-9","536","28","4","7"
"2392","12288787-1","536","28","4","7"
"2664","8032534-9","536","28","4","7"
"2825","13607666-0","536","28","4","7"
"1892","12977668-4","537","7","1","5"
"2337","13158500-6","537","7","1","5"
"320","14905228-k","539","69","1","2"
"1200","9054608-5","539","69","1","2"
"1762","11682461-5","539","69","1","2"
"1969","11202355-8","539","69","1","2"
"2286","17490348-7","539","69","1","2"
"2491","12141655-1","539","69","1","2"
"2872","15395078-9","539","69","1","2"
"1113","12613352-5","540","117","3","3"
"1203","13767180-8","540","117","3","3"
"567","9596955-7","541","98","3","5"
"1393","12294463-4","541","98","3","5"
"1836","19315065-7","541","98","3","5"
"1975","13253355-2","541","98","3","5"
"78","16009131-2","542","61","3","2"
"1133","11682461-5","542","61","3","2"
"1219","16549557-k","542","61","3","2"
"1753","10696260-1","542","61","3","2"
"2062","17490348-7","542","61","3","2"
"2610","15181722-2","542","61","3","2"
"2775","15700784-3","542","61","3","2"
"1545","16564057-9","543","7","11","1"
"2612","14387015-7","543","7","11","1"
"2756","10774675-3","543","7","11","1"
"913","20667927-9","544","75","2","1"
"1529","13940979-6","545","87","2","3"
"2278","15738269-9","545","87","2","3"
"198","10108040-k","546","103","6","1"
"646","20573095-8","546","103","6","1"
"954","12086364-5","546","103","6","1"
"998","11048683-5","546","103","6","1"
"1563","19859239-6","546","103","6","1"
"2171","9914406-k","546","103","6","1"
"2390","10574225-1","546","103","6","1"
"2905","12419793-2","546","103","6","1"
"1190","18492641-k","547","36","1","4"
"1883","8620394-k","547","36","1","4"
"2316","15706872-k","547","36","1","4"
"2498","20877712-9","547","36","1","4"
"470","8926282-6","549","38","5","6"
"1707","11666789-9","549","38","5","6"
"468","13823508-k","550","75","9","1"
"2493","15009284-4","550","75","9","1"
"2619","18606698-6","550","75","9","1"
"2912","8926282-6","550","75","9","1"
"851","8147134-8","551","7","5","6"
"1064","10908890-4","551","7","5","6"
"1966","12885989-2","551","7","5","6"
"1118","15706872-k","552","7","3","2"
"1851","11896298-8","552","7","3","2"
"2832","17494047-6","552","7","3","2"
"561","10631083-4","554","40","5","5"
"617","17352948-1","554","40","5","5"
"1001","15528686-2","554","40","5","5"
"1279","12690699-2","554","40","5","5"
"317","11369817-0","555","62","8","6"
"615","20513198-8","555","62","8","6"
"686","14969971-1","555","62","8","6"
"1220","16218569-2","555","62","8","6"
"2108","15061698-8","555","62","8","6"
"2769","19355543-6","555","62","8","6"
"2281","14625618-9","556","117","3","2"
"261","13080141-3","557","102","6","1"
"1084","19340427-2","557","102","6","1"
"1140","11048591-7","557","102","6","1"
"1280","8981754-7","557","102","6","1"
"1882","14337411-0","557","102","6","1"
"2370","9907200-1","558","69","3","3"
"300","17901282-5","560","7","1","1"
"853","9937779-0","560","7","1","1"
"1289","9255049-1","560","7","1","1"
"1888","12419793-2","560","7","1","1"
"2844","15485877-7","560","7","1","1"
"1364","14599488-k","561","69","3","6"
"173","16086056-k","562","2","9","1"
"175","20254362-7","562","2","9","1"
"503","10646561-4","562","2","9","1"
"1372","13176940-k","562","2","9","1"
"1840","17206394-k","562","2","9","1"
"2985","19184600-0","562","2","9","1"
"2739","10425256-0","563","62","2","1"
"519","16900639-3","564","70","9","2"
"2780","17817723-4","564","70","9","2"
"89","9682633-8","565","81","4","6"
"1328","14787470-2","565","81","4","6"
"1878","9255049-1","565","81","4","6"
"2345","8981754-7","566","101","1","4"
"2389","14956748-9","566","101","1","4"
"2454","16969641-2","566","101","1","4"
"1974","9937779-0","567","105","3","3"
"2157","19582328-2","567","105","3","3"
"2534","13253355-2","567","105","3","3"
"2567","14917247-7","567","105","3","3"
"1497","15528686-2","568","70","1","7"
"1995","16653880-4","568","70","1","7"
"2169","9480303-3","568","70","1","7"
"137","18743719-5","569","4","4","7"
"485","11907362-2","569","4","4","7"
"825","19552856-3","569","4","4","7"
"1188","12779727-2","569","4","4","7"
"1451","19255050-9","569","4","4","7"
"1924","14425090-8","569","4","4","7"
"2052","16047416-1","569","4","4","7"
"2057","18606698-6","569","4","4","7"
"202","19758685-7","570","78","4","7"
"1407","12698243-9","570","78","4","7"
"2869","9510008-2","570","78","4","7"
"2922","20392759-9","570","78","4","7"
"2952","14609900-6","570","78","4","7"
"451","18753000-6","571","13","3","7"
"746","17442488-5","571","13","3","7"
"1287","17372403-3","571","13","3","7"
"1911","12294463-4","571","13","3","7"
"1982","11943813-5","571","13","3","7"
"38","14427648-k","572","38","3","4"
"100","11011210-1","572","38","3","4"
"1127","11836950-7","572","38","3","4"
"1915","14995351-5","572","38","3","4"
"2628","17230815-1","572","38","3","4"
"234","12141655-1","573","12","8","4"
"2738","8134000-3","573","12","8","4"
"964","18216760-0","574","63","9","4"
"2253","9445879-6","575","46","1","7"
"2681","13080141-3","575","46","1","7"
"2519","14284377-k","576","54","2","4"
"687","20424724-2","577","21","3","4"
"1103","14919705-6","577","21","3","4"
"2355","11726357-3","577","21","3","4"
"2476","9286538-3","577","21","3","4"
"2636","15227805-2","577","21","3","4"
"1485","18940276-3","578","76","8","6"
"1728","12867277-k","578","76","8","6"
"1742","13917978-3","578","76","8","6"
"1909","10459593-0","578","76","8","6"
"2083","11836950-7","578","76","8","6"
"2505","12934558-4","578","76","8","6"
"2975","20949049-6","578","76","8","6"
"1852","9063641-3","579","88","5","2"
"486","20054343-0","580","13","6","1"
"819","9564504-k","580","13","6","1"
"1352","13758816-9","580","13","6","1"
"1385","16636715-1","580","13","6","1"
"1454","10254802-8","580","13","6","1"
"1850","14768676-8","580","13","6","1"
"2025","14905228-k","580","13","6","1"
"2130","18948863-4","580","13","6","1"
"2997","10767560-9","580","13","6","1"
"1194","16710780-9","581","46","8","4"
"1674","13051844-8","581","46","8","4"
"2463","10693941-0","581","46","8","4"
"165","16639599-3","582","83","8","1"
"280","11352923-2","582","83","8","1"
"571","16036699-4","582","83","8","1"
"849","11896298-8","582","83","8","1"
"1789","13177183-6","582","83","8","1"
"2821","15796743-5","582","83","8","1"
"2860","20424724-2","582","83","8","1"
"2458","12562035-6","583","28","4","3"
"2618","11655553-0","583","28","4","3"
"722","13056001-k","584","82","3","7"
"2943","17175310-k","584","82","3","7"
"266","17661672-0","585","46","9","4"
"534","15887640-7","585","46","9","4"
"927","8186644-4","585","46","9","4"
"2060","15438523-2","585","46","9","4"
"2376","10605365-3","585","46","9","4"
"1236","20849721-8","587","99","1","2"
"745","13177183-6","588","8","3","7"
"1042","14149723-3","588","8","3","7"
"1784","8826989-2","588","8","3","7"
"1801","13921351-0","588","8","3","7"
"2808","15227805-2","588","8","3","7"
"1142","13940979-6","589","13","1","3"
"1530","20623137-9","589","13","1","3"
"299","20710689-5","590","47","6","2"
"766","10915947-6","590","47","6","2"
"2235","20535525-0","590","47","6","2"
"788","15098138-5","591","61","7","1"
"882","18552186-0","591","61","7","1"
"1052","18228449-k","591","61","7","1"
"1211","15312308-8","591","61","7","1"
"2996","12419793-2","591","61","7","1"
"960","9269149-1","592","110","7","7"
"3015","14425090-8","592","110","7","7"
"609","8943136-3","593","46","2","5"
"1038","10754194-8","593","46","2","5"
"1832","11666789-9","593","46","2","5"
"388","9962953-2","594","114","9","1"
"869","20703144-9","594","114","9","1"
"2063","12779727-2","594","114","9","1"
"2168","15165692-9","594","114","9","1"
"2234","8032534-9","594","114","9","1"
"2477","19774171-6","594","114","9","1"
"2596","19355543-6","594","114","9","1"
"3001","9255049-1","594","114","9","1"
"338","16542669-k","595","53","2","1"
"1481","10670426-k","595","53","2","1"
"1521","14725048-7","595","53","2","1"
"1923","8075594-k","595","53","2","1"
"2357","8032534-9","595","53","2","1"
"2833","11726357-3","595","53","2","1"
"2679","13253355-2","596","13","4","2"
"441","13559609-8","597","11","5","6"
"2150","12460133-7","597","11","5","6"
"2669","14953110-0","597","11","5","6"
"533","11893748-7","598","21","10","1"
"1771","19259002-8","598","21","10","1"
"1782","19026961-3","598","21","10","1"
"2045","20163212-7","598","21","10","1"
"785","17227305-k","599","77","14","1"
"1123","18648095-5","599","77","14","1"
"2726","12776718-2","600","83","1","4"
"432","20214213-3","601","29","1","2"
"1232","16900639-3","601","29","1","2"
"1375","18992562-0","601","29","1","2"
"2921","13823508-k","601","29","1","2"
"2965","11682461-5","601","29","1","2"
"848","13386466-k","602","29","4","2"
"1128","11336301-8","602","29","4","2"
"1470","19675443-k","602","29","4","2"
"2917","9136245-5","602","29","4","2"
"677","13940979-6","604","31","5","6"
"942","15485877-7","604","31","5","6"
"973","13033426-2","604","31","5","6"
"2414","13822374-8","604","31","5","6"
"655","11011210-1","605","83","3","2"
"1797","16969641-2","605","83","3","2"
"2783","14810129-5","605","83","3","2"
"1310","15037830-6","606","56","13","1"
"2354","16542669-k","606","56","13","1"
"2331","9063641-3","607","55","2","3"
"2396","17585173-4","607","55","2","3"
"649","14616063-6","608","83","10","1"
"1082","18228449-k","608","83","10","1"
"1752","13823508-k","608","83","10","1"
"1912","14953110-0","608","83","10","1"
"2677","8560937-4","608","83","10","1"
"666","17978708-k","610","34","2","1"
"2578","13667876-1","610","34","2","1"
"2850","17372403-3","610","34","2","1"
"544","18626693-2","613","68","2","5"
"754","20961534-8","613","68","2","5"
"909","18077782-k","613","68","2","5"
"1380","12327502-7","613","68","2","5"
"2203","18474437-5","614","101","6","6"
"2050","18753000-6","615","103","2","3"
"2838","18606698-6","615","103","2","3"
"588","11188506-k","616","84","8","1"
"814","8075594-k","616","84","8","1"
"967","17978698-2","616","84","8","1"
"1304","10908890-4","616","84","8","1"
"2487","20762457-k","616","84","8","1"
"2785","20703144-9","616","84","8","1"
"350","18516050-1","617","102","2","5"
"682","13386466-k","617","102","2","5"
"1653","17352948-1","617","102","2","5"
"1983","17511451-0","617","102","2","5"
"2732","19184600-0","617","102","2","5"
"1156","9136245-5","618","5","2","5"
"2167","13675642-2","618","5","2","5"
"2468","17777198-7","618","5","2","5"
"91","14556123-k","619","21","8","6"
"974","8184682-0","619","21","8","6"
"2584","17352948-1","619","21","8","6"
"792","17372403-3","620","38","6","6"
"1690","14290120-7","620","38","6","6"
"1362","9596955-7","621","55","10","4"
"936","11702686-7","622","4","8","6"
"2099","16036699-4","622","4","8","6"
"778","20819150-8","623","95","2","2"
"963","17329272-3","623","95","2","2"
"1195","11756496-7","624","52","7","4"
"787","14335613-8","626","99","2","4"
"2213","11558474-8","626","99","2","4"
"2241","13158500-6","626","99","2","4"
"2841","15181722-2","627","102","12","1"
"427","11655553-0","628","67","3","2"
"1552","19046212-3","628","67","3","2"
"864","15520049-k","629","31","7","1"
"1246","11943813-5","629","31","7","1"
"1605","8073761-2","629","31","7","1"
"1608","17303307-9","629","31","7","1"
"961","18740684-8","630","65","4","3"
"1025","9564504-k","630","65","4","3"
"1049","9596955-7","630","65","4","3"
"1689","15061698-8","630","65","4","3"
"1893","19092277-7","630","65","4","3"
"2684","11202355-8","630","65","4","3"
"328","20761160-4","631","21","1","2"
"2039","9937779-0","631","21","1","2"
"44","18572600-8","632","8","6","2"
"1247","20299661-1","632","8","6","2"
"1733","14691783-5","632","8","6","2"
"2189","19340427-2","632","8","6","2"
"2217","10574225-1","633","84","3","4"
"610","16548211-3","634","94","8","4"
"681","16895893-1","634","94","8","4"
"1569","20217243-4","635","100","2","1"
"1618","14033225-8","635","100","2","1"
"2399","8943136-3","635","100","2","1"
"2510","10627199-5","635","100","2","1"
"2916","11011210-1","635","100","2","1"
"466","16900639-3","637","66","2","4"
"965","13395070-4","637","66","2","4"
"1259","18129935-1","637","66","2","4"
"28","8649952-8","638","8","8","1"
"1508","17206394-k","638","8","8","1"
"1596","11454209-4","638","8","8","1"
"2593","12294463-4","638","8","8","1"
"727","11490785-4","639","71","7","7"
"755","13051287-4","639","71","7","7"
"1006","15653202-7","639","71","7","7"
"1109","13051844-8","639","71","7","7"
"1455","17396524-6","639","71","7","7"
"1590","16677394-1","639","71","7","7"
"2847","16873584-0","639","71","7","7"
"550","15796743-5","640","90","3","7"
"772","14691783-5","640","90","3","7"
"992","8279987-1","640","90","3","7"
"1604","12216436-8","640","90","3","7"
"1309","10696260-1","642","58","2","4"
"2194","11781936-9","642","58","2","4"
"346","19582328-2","644","66","1","7"
"1054","13607666-0","644","66","1","7"
"1621","9575995-k","644","66","1","7"
"2024","10335401-2","644","66","1","7"
"159","9965544-2","645","60","13","1"
"870","10254802-8","645","60","13","1"
"2030","17442488-5","645","60","13","1"
"276","13635774-5","646","87","10","2"
"2333","17019466-4","646","87","10","2"
"77","20214213-3","647","59","2","1"
"1324","15979046-4","647","59","2","1"
"1480","16593240-k","647","59","2","1"
"1908","18098095-1","647","59","2","1"
"2481","20441380-9","647","59","2","1"
"776","17933811-5","648","26","1","5"
"1458","15866308-9","648","26","1","5"
"1746","8799113-0","648","26","1","5"
"2966","18606698-6","648","26","1","5"
"3014","10284246-7","648","26","1","5"
"167","11068671-k","649","94","1","2"
"1693","9937779-0","649","94","1","2"
"2798","8545492-4","649","94","1","2"
"751","18572600-8","650","72","1","3"
"102","15037830-6","651","83","4","3"
"735","10428168-8","651","83","4","3"
"2367","20187328-1","651","83","4","3"
"1837","12776718-2","652","21","7","4"
"119","15620003-7","653","80","8","6"
"799","8114563-0","653","80","8","6"
"1764","16871053-k","653","80","8","6"
"1885","9563359-4","653","80","8","6"
"2588","18940276-3","653","80","8","6"
"2680","18631120-9","653","80","8","6"
"458","17785357-0","654","104","2","3"
"1724","15404981-6","654","104","2","3"
"2495","20778624-8","654","104","2","3"
"142","13421144-k","655","104","10","1"
"357","10175302-0","655","104","10","1"
"1384","9962953-2","655","104","10","1"
"1788","19575731-6","655","104","10","1"
"253","15135343-0","656","116","1","2"
"446","9995143-6","656","116","1","2"
"2465","13607666-0","656","116","1","2"
"2896","18749851-9","656","116","1","2"
"1823","18552186-0","657","90","4","4"
"60","18864795-0","658","29","1","7"
"90","9201513-6","658","29","1","7"
"1430","20309713-3","658","29","1","7"
"1987","9510008-2","658","29","1","7"
"193","20892590-3","659","112","2","3"
"626","15165692-9","659","112","2","3"
"2479","9510008-2","659","112","2","3"
"1927","16900639-3","660","84","9","4"
"155","15227805-2","661","11","5","5"
"399","19670263-2","661","11","5","5"
"1620","18216760-0","661","11","5","5"
"2069","16550359-1","661","11","5","5"
"2699","12635560-3","661","11","5","5"
"348","16315245-4","662","61","7","7"
"431","9152294-8","662","61","7","7"
"587","12193723-9","662","61","7","7"
"1088","9054608-5","662","61","7","7"
"1111","17660096-9","662","61","7","7"
"1919","8237412-6","662","61","7","7"
"2131","14401608-5","662","61","7","7"
"2143","13715843-9","662","61","7","7"
"2341","13921351-0","662","61","7","7"
"2544","9682633-8","662","61","7","7"
